,theta_1,theta_2,theta_3,theta_4,theta_5,theta_6
1/1/2017,0.756935557,-1.467790108,0.096135669,-0.115305726,-0.447907633,0.902578525
1/2/2017,0.767088911,0.185797154,-1.428536116,-0.086443465,-0.954288409,1.930908669
1/3/2017,0.40454413,1.415887057,0.443466124,0.000199646,-0.892350927,2.449690525
1/4/2017,1.313956506,-1.804470682,-0.836985616,0.011785044,-1.012517631,1.182084786
1/5/2017,0.209861981,1.315867601,0.140993109,-0.046472806,-1.417092314,1.742433223
1/6/2017,-0.671767492,-1.554742079,2.933988325,0.007890952,-0.672257612,0.562830061
1/7/2017,-0.959495766,3.023571107,-0.8562803,-0.001143689,-1.229958462,-0.187137623
1/8/2017,-0.191306487,-3.130415231,-0.256384556,0.078293021,-0.72580728,0.78551687
1/9/2017,-0.377350574,-2.506433571,-0.291661935,-0.032130342,-0.768863033,-1.657719082
1/10/2017,1.091996604,1.006235026,3.540324994,0.012691575,-0.662432784,0.088906833
1/11/2017,2.049563448,0.568436694,-0.48479904,-0.044930875,-0.822425292,-0.02564041
1/12/2017,0.462582912,1.147858365,-1.156087561,0.073427339,-1.229521074,1.095174232
1/13/2017,1.219454698,0.560300535,1.106975988,-0.010493226,-1.228815348,1.32833492
1/14/2017,-0.19457282,-1.205221035,0.64519243,-0.080711499,-0.840233031,0.420940523
1/15/2017,-1.461109564,-1.888492713,1.894035648,-0.149902573,-1.076610041,1.259710358
1/16/2017,-1.443445967,-1.184837832,0.051617413,-0.112701696,-1.065300357,1.6148919
1/17/2017,-0.117886841,1.640344893,-0.055789281,-0.077517842,-0.888542926,3.278587331
1/18/2017,1.044693437,3.577918297,0.725229095,-0.032566393,-1.144479417,0.821143423
1/19/2017,0.068269861,0.38525999,-0.047567574,-0.048192164,-1.237186237,1.136832712
1/20/2017,0.157042882,4.943606126,-0.79523934,-0.036470626,-0.803009767,1.961234803
1/21/2017,1.24739396,-1.603870188,-1.432005446,-0.056089518,-0.720259842,0.523116135
1/22/2017,0.066695923,-0.171748039,0.521795561,-0.034465025,-1.137239779,0.721364684
1/23/2017,0.942660779,-1.363672434,-2.556806331,-0.011085799,-1.205812567,1.515232272
1/24/2017,0.749122303,0.729025626,-1.390228529,0.16583503,-1.317914449,2.368999088
1/25/2017,-0.457946961,-1.707768676,0.936293818,-0.017186116,-0.710124698,1.583097801
1/26/2017,-1.766834517,-0.132030116,-1.325828356,0.071291248,-1.163378498,1.091177525
1/27/2017,0.873585874,1.159854423,-0.702388107,0.166388885,-1.15540764,-0.931496377
1/28/2017,-1.738998164,1.076148379,-0.804031782,-0.196562686,-1.133652725,0.828391598
1/29/2017,0.794939457,-2.220127082,1.959599613,-0.066173346,-1.171357101,0.384603187
1/30/2017,-0.674068284,-0.758279629,-1.908857039,0.019208476,-0.500139448,0.623136476
1/31/2017,-1.290373377,0.059508971,0.157332281,-0.144374566,-1.056018942,0.38011447
2/1/2017,0.578852562,-1.201138275,0.867785348,-0.172103011,-0.788874299,1.452355076
2/2/2017,0.725459315,1.186263545,3.16913988,-0.020593369,-1.229454349,2.200005085
2/3/2017,0.666693612,0.274975261,0.806765945,-0.09193934,-1.351041586,2.597975268
2/4/2017,1.674159608,0.096989011,-0.285968603,-0.046645104,-0.924187931,0.437922299
2/5/2017,1.106334247,1.795364333,0.930720212,-0.166961086,-1.139681177,0.613980936
2/6/2017,0.180192473,-2.422358247,0.356463345,-0.066669646,-1.169751101,2.047581674
2/7/2017,-0.914355855,2.838448247,-0.670539961,-0.038328916,-1.281283112,0.542488651
2/8/2017,2.291676463,-0.187785774,-1.515312692,0.087043841,-1.180622067,3.114295833
2/9/2017,-0.329340806,-2.766569979,1.637175367,0.018019611,-0.599916933,0.879854924
2/10/2017,1.992634553,-1.691738127,-0.231685631,-0.15496231,-1.007634166,0.314752963
2/11/2017,-0.976476722,-3.669796473,2.087440189,0.004543101,-1.025649989,2.495667383
2/12/2017,-2.05168804,-1.545456277,-1.011596967,-0.095480714,-0.993102134,0.308207362
2/13/2017,1.314667263,0.021937473,-0.783842441,0.023844606,-1.008051537,2.403585492
2/14/2017,1.40400201,-1.770101343,0.084907741,0.197388772,-1.194960244,1.275050561
2/15/2017,-0.106284452,-2.106222024,1.436804764,0.051882226,-0.709705578,1.490675078
2/16/2017,-0.431487533,4.487440755,-3.069074838,-0.0343544,-1.111169642,3.554970093
2/17/2017,-0.286611752,-4.422181884,-0.271638072,-0.054955823,-1.069308977,1.247469581
2/18/2017,-0.685712818,-0.544721985,-1.632845707,0.189158549,-0.98435368,0.927928521
2/19/2017,0.199278703,-2.223973615,-0.029932764,0.088737873,-0.727895217,1.230446654
2/20/2017,0.246313142,0.05538872,0.149527432,0.149956427,-0.75058215,2.312066186
2/21/2017,0.783525553,-0.126034755,-0.517523999,-0.009169552,-1.163575916,2.133438701
2/22/2017,0.298238795,1.409116632,-0.607231005,-0.079910764,-1.096037463,1.238889606
2/23/2017,0.839739606,-0.824746352,1.598186642,-0.044550286,-1.339374392,2.604694515
2/24/2017,0.601737313,0.927517823,0.365156072,0.206149961,-1.120299846,0.785467135
2/25/2017,1.120074251,-0.546114685,2.598011108,-0.159862207,-0.602732006,2.93371906
2/26/2017,1.630257097,-1.881794801,-1.22010912,-0.045350525,-1.155519068,2.650014732
2/27/2017,-0.017768245,-0.995173147,-0.487297221,0.029826619,-1.244540956,1.16754103
2/28/2017,-0.422858861,-3.829654992,0.148817648,-0.004455407,-0.819036189,-0.349508787
3/1/2017,-0.142718886,-2.377479235,-0.027258195,0.081607785,-1.070213936,2.728496856
3/2/2017,-0.884928902,-1.873630573,0.415417389,0.096256845,-1.032013568,2.388914076
3/3/2017,1.001726495,2.98121181,-1.592704994,0.143286916,-1.219039168,2.607276218
3/4/2017,-1.574149317,4.025476051,-1.473475791,-0.133282113,-0.825743365,1.391639321
3/5/2017,-0.989557962,1.468272106,0.013459531,0.110136011,-1.096999684,2.078822659
3/6/2017,-0.0558518,0.481349838,0.315470615,0.114848053,-1.211941997,1.526002596
3/7/2017,0.853876479,-0.482601735,-0.971607247,-0.025941707,-0.871750645,2.454697512
3/8/2017,-0.064458969,1.617764372,1.169317683,0.089616931,-0.96050454,1.740631806
3/9/2017,0.96978013,-1.805199161,0.618657285,-0.073837442,-0.969515998,0.835125148
3/10/2017,-0.433022469,-2.397295129,1.013090459,0.022005789,-0.886965294,2.601884792
3/11/2017,0.426951979,1.061702451,-1.749143947,-0.115558785,-0.756399086,0.350159562
3/12/2017,-1.071666646,1.394052013,-0.355939393,-0.010724745,-1.265438225,1.492349316
3/13/2017,0.376288996,0.257571811,1.000522425,-0.058815527,-1.136509558,1.485075759
3/14/2017,-0.208910729,0.674545979,-0.436887871,-0.097402829,-1.110457235,2.686565641
3/15/2017,0.875660823,-0.956573442,0.005646195,0.091480679,-1.364459935,0.217970597
3/16/2017,-0.04856686,0.662601798,2.635179296,0.020705803,-0.894580196,1.699822441
3/17/2017,2.027636016,-0.64832052,1.054161187,0.121854905,-1.043076566,2.756286496
3/18/2017,0.80928392,4.915226964,0.016837235,0.075106312,-1.110422033,2.318734513
3/19/2017,-1.137692396,-0.942796186,0.412765972,0.101092293,-1.056772398,2.996393869
3/20/2017,-0.692470672,-0.276300747,-1.059823244,0.206561681,-0.67324885,1.009241472
3/21/2017,-0.409643311,1.797224164,1.555570073,-0.120895084,-1.099307701,0.931936909
3/22/2017,0.003123747,4.649494804,-1.065798188,0.034689762,-1.048008623,0.021558575
3/23/2017,0.045280169,0.835711349,-0.521210561,0.120374611,-1.396882108,1.482054982
3/24/2017,-0.767137207,-0.22373903,0.628091778,-0.211933138,-0.757232072,2.982731341
3/25/2017,0.023553933,0.987099819,-0.684364839,0.063782147,-0.595688366,1.650954973
3/26/2017,-1.025666147,1.08579604,-0.959248927,-0.003950884,-0.838502246,3.101204547
3/27/2017,-0.903550993,-3.179137845,-0.671139334,0.008978019,-1.187900052,1.746085111
3/28/2017,-2.253827735,-1.359215767,2.236670815,0.004549829,-0.711998654,-0.461051085
3/29/2017,1.901238532,-1.590146575,0.634591513,-0.058013471,-1.099898679,2.879538022
3/30/2017,2.759015813,-2.753709854,-0.781593616,-0.010543363,-1.046406304,2.351619738
3/31/2017,0.815715963,-0.250323388,-1.241884105,0.086737538,-1.265402275,1.672394702
4/1/2017,-1.906683962,5.297640962,-0.699135275,-0.090801257,-0.896478175,1.938591349
4/2/2017,-0.463549433,2.752249976,-1.709342001,-0.040970885,-0.840865243,2.325575383
4/3/2017,-0.803772983,-0.967780221,-1.218718963,0.095190678,-0.59750602,1.141026408
4/4/2017,-0.638399271,2.23417708,-0.111328652,-0.220532893,-0.856057191,1.177235792
4/5/2017,1.719314537,-1.855908571,-0.089885815,0.142404613,-0.595087621,2.08660507
4/6/2017,-0.564108421,4.000186444,-0.391025334,0.093423608,-1.136152961,0.392241335
4/7/2017,1.477864371,-0.061583672,0.138180406,-0.000268084,-0.679971106,1.810099101
4/8/2017,-1.074090202,-0.739259699,1.348848316,-0.072254317,-1.034829701,3.985500939
4/9/2017,-0.093900903,-0.300909728,-0.806727443,-0.019125646,-1.092812172,1.370278189
4/10/2017,-0.6586652,-0.759107136,-2.465168654,0.022241742,-1.05281069,2.130917964
4/11/2017,0.751974471,2.225481365,0.961712252,0.003921685,-1.03771039,4.124328828
4/12/2017,0.180647761,-4.132292131,-0.869769849,-0.044126817,-1.301663598,2.495069171
4/13/2017,-0.237901127,0.029984354,0.264232967,-0.020961999,-0.79956417,1.977534743
4/14/2017,0.734990272,2.571522682,-0.135051381,-0.084974502,-0.99086388,3.022566462
4/15/2017,-1.117617085,1.848155774,-1.034516628,-0.000335384,-1.181477475,2.216667088
4/16/2017,0.741635164,-0.757609397,-1.660926111,0.170062205,-1.005770275,2.72909018
4/17/2017,0.775516284,-4.551853168,-0.590461433,-0.123755492,-0.955624761,3.10658082
4/18/2017,-1.062122522,0.643602441,-1.527145959,-0.074871244,-1.014658068,1.997825791
4/19/2017,0.553366362,3.2266394,2.718451525,0.056782284,-0.658349542,2.799023983
4/20/2017,-0.537040441,0.979352044,-0.520341264,-0.029906608,-0.947098407,2.804974079
4/21/2017,0.076323609,1.62685723,-1.680154466,-0.086512493,-0.963353936,2.418237222
4/22/2017,1.31314077,-3.433729287,1.325255447,0.010389235,-0.596250849,2.071165117
4/23/2017,0.323538902,2.42953551,0.671847661,0.060763903,-1.291441703,1.91258951
4/24/2017,0.200821192,0.930457199,-0.090178032,0.125432934,-1.180385628,3.023182202
4/25/2017,0.323547516,0.020890211,0.25405527,-0.041605663,-0.967840107,3.321915332
4/26/2017,0.53591553,-1.121949897,-0.398080214,0.058739488,-1.071174682,2.182785202
4/27/2017,-0.360645452,2.224456495,0.426827794,-0.096302003,-1.105080655,1.782635799
4/28/2017,-0.442614836,-0.543336604,0.332227734,0.060508875,-1.045677636,1.94780209
4/29/2017,-1.242805224,0.51714738,-0.095749734,-0.114585248,-0.881022567,1.168832842
4/30/2017,-0.263234917,-1.824201539,0.800761917,0.036597911,-1.0127869,1.737420514
5/1/2017,0.845400253,-0.547078344,-1.935443429,0.172165775,-0.580707734,3.894252644
5/2/2017,1.519989449,-3.800220986,0.996512648,0.126689232,-0.819069149,1.648255602
5/3/2017,-0.76364961,1.47628167,0.966069693,0.034633133,-0.706739652,2.914285093
5/4/2017,-0.650410831,3.653189058,1.188789147,0.052542032,-0.838915144,4.495862981
5/5/2017,-2.04446073,3.177174376,-0.65141518,0.107128995,-1.008629952,2.814182235
5/6/2017,1.308183669,3.267777516,-2.343655954,0.000678627,-0.804855413,1.325798129
5/7/2017,-0.559997181,2.86551509,0.033534801,-0.047111918,-0.772654709,1.338556825
5/8/2017,-0.22246327,-3.19190323,-0.900379431,-0.016195083,-0.879331947,1.038908198
5/9/2017,0.30067596,0.78851676,-3.366256268,-0.01204982,-0.849536074,2.745990587
5/10/2017,-0.735889933,1.016430749,-0.055455916,-0.084990082,-1.144534809,3.212731808
5/11/2017,1.405068568,3.417223037,-1.640083505,0.039921133,-1.248256004,1.576265632
5/12/2017,-0.82569006,-0.762433707,-1.994529218,0.05959049,-0.756435326,2.43582834
5/13/2017,-0.114078085,-0.015587729,-0.228031942,0.089171826,-1.300917591,2.990915858
5/14/2017,-0.922595429,1.119967987,0.544028244,0.167145579,-0.58598065,1.152158708
5/15/2017,-1.807710705,1.768015305,1.856659912,0.06391915,-0.810907545,2.912876799
5/16/2017,-1.514834113,2.220814468,-1.865384272,-0.058810146,-1.099021982,3.497485705
5/17/2017,-0.566378352,-0.855275677,0.807854469,-0.013635426,-1.186942279,0.2558675
5/18/2017,0.373713315,1.383683272,-1.621842917,-0.077969626,-1.02762156,1.916833278
5/19/2017,-0.735914734,-1.833857102,0.35716995,0.001804193,-0.876516718,1.716331411
5/20/2017,1.599347333,1.019305506,0.124227506,-0.06866301,-0.97553473,2.313915268
5/21/2017,1.046796119,-0.679518889,0.615034894,-0.0533334,-1.195069071,2.67417178
5/22/2017,0.986268575,-0.826846399,-1.490929408,-0.007920657,-1.478019819,2.461624625
5/23/2017,1.139550214,-0.01676304,-0.423021359,-0.070552351,-0.982711134,4.936768976
5/24/2017,-0.475950632,3.401606255,0.149953461,0.142802701,-1.231060494,2.702552938
5/25/2017,0.148712102,2.029611302,-0.809292103,-0.045095165,-0.857617273,1.605000023
5/26/2017,-1.156558384,2.54267631,0.037671089,-0.218844284,-1.047464619,2.610185164
5/27/2017,0.126668738,0.311275591,0.383794467,-0.181217751,-0.847424621,1.688686924
5/28/2017,0.256009152,1.501339789,0.443690366,0.004822155,-1.157106339,2.430362324
5/29/2017,1.173255845,3.605206612,-0.563629183,0.058430222,-1.225440646,2.6123182
5/30/2017,0.337424544,-0.736336654,0.117233401,0.097330286,-1.047255406,2.777410803
5/31/2017,0.022473901,1.31253848,-0.089698895,0.008202919,-0.85900653,2.305214863
6/1/2017,-0.269907763,-1.414304912,-0.640819811,0.050890923,-1.160388373,3.216961507
6/2/2017,0.270282145,-0.857118818,-0.677232074,-0.038658359,-1.276188147,3.847412235
6/3/2017,1.768737861,4.213643124,1.096116092,0.012569323,-1.340745536,3.189020859
6/4/2017,0.93198277,-1.940193846,0.202547441,-0.050961972,-1.17454863,2.111568816
6/5/2017,0.708893843,1.058580232,0.882365664,-0.046136224,-1.190531023,1.912454053
6/6/2017,0.208846986,-1.450645967,-0.208691582,0.172709032,-1.09813253,3.099214577
6/7/2017,0.105093772,-1.161640438,0.598654756,0.069009836,-0.424773566,2.465396082
6/8/2017,1.731983017,0.462723825,-0.756197542,-0.043102752,-1.130391115,3.632230971
6/9/2017,-0.312363183,-0.514751063,-1.142239131,-0.052924143,-0.967209438,3.188087002
6/10/2017,1.971102586,0.856238301,-0.023355432,0.04739775,-1.079624836,2.087583737
6/11/2017,0.480217499,-1.636478349,1.702171629,-0.044206377,-1.038934456,1.233999887
6/12/2017,-0.239133817,-0.890806075,0.625666138,0.028375484,-1.155298117,3.916025253
6/13/2017,-2.058215573,0.23853249,-0.514014681,0.044483612,-0.858402846,2.175999652
6/14/2017,1.140358496,3.874215242,-0.768751191,0.111114948,-1.404330982,3.29174586
6/15/2017,1.761488671,3.588456411,1.589312397,-0.290866552,-1.23595352,2.816403423
6/16/2017,0.56464377,2.487089349,-2.456560996,-0.065263152,-1.233807394,2.11766688
6/17/2017,-0.891948339,2.778244438,-0.28712084,0.100976573,-1.186223843,3.497862106
6/18/2017,-1.10668461,0.13332691,0.652536155,0.201175049,-0.87750286,4.10054395
6/19/2017,-1.667560997,0.778238883,-1.894328493,0.040129604,-0.93112868,1.751665816
6/20/2017,0.365413578,1.347673764,0.421074843,-0.085504055,-0.865363793,1.216271347
6/21/2017,-0.161004316,-3.662099605,-0.480799188,0.104282479,-1.154349878,2.232576832
6/22/2017,-1.451452268,0.42878251,0.485147672,-0.002869663,-0.762281105,3.914996512
6/23/2017,-0.009290087,1.066665704,-3.585641195,-0.039782997,-0.949472667,3.259638609
6/24/2017,-0.359367129,3.062974638,-1.087129185,-0.006211023,-0.969500287,3.864557951
6/25/2017,1.161672976,0.340844023,-5.197762917,-0.018614742,-0.650516637,3.024647418
6/26/2017,1.781612307,-1.084295985,-0.775968557,0.23190774,-0.987825514,3.529586231
6/27/2017,-0.870291419,0.442396379,-1.635054055,-0.133244503,-0.69933001,4.438527471
6/28/2017,1.773319255,-2.751603623,0.072663727,0.051466878,-0.893080067,2.03943524
6/29/2017,0.504693685,-3.670071732,0.842936983,0.056541498,-1.26955603,3.841108711
6/30/2017,2.204015577,1.317323878,-0.722898582,0.241263561,-1.145574039,1.771717666
7/1/2017,-0.976971084,-1.990943847,2.007850103,0.04456772,-0.911808416,3.901599568
7/2/2017,-0.146123864,2.60343039,1.148042336,-0.122491338,-0.929748148,2.592843268
7/3/2017,-0.784250481,0.420657869,-1.629916372,-0.047177931,-0.916853447,3.494724177
7/4/2017,1.277135397,-1.694504741,0.920008586,-0.087096203,-1.301711215,2.292389827
7/5/2017,0.112674011,-1.994447495,0.046840636,0.047362213,-1.108467938,2.089886193
7/6/2017,-2.438001111,-0.511194554,-0.444476761,0.02934385,-0.91847004,3.665707841
7/7/2017,1.961392338,-1.836598341,-0.856475157,-0.084381638,-0.863659206,3.306333508
7/8/2017,1.385954257,-0.474502594,2.362391201,-0.149926773,-0.811774847,3.427741389
7/9/2017,0.666098272,-0.090253366,-0.082485118,0.019379383,-0.932996829,2.302310184
7/10/2017,-1.29262678,-0.69489013,1.208418191,-0.057276386,-1.138590104,4.16856373
7/11/2017,-1.305958555,1.130517959,-1.282967629,0.047021483,-1.224923903,2.473538944
7/12/2017,-1.54616564,-3.712588877,-1.380360018,-0.003654403,-0.928880347,1.782473237
7/13/2017,1.953324549,-3.112812475,-0.997470034,0.09261169,-1.206304626,2.656081256
7/14/2017,-1.221142972,2.974318345,-2.886051283,0.003664848,-0.784035956,4.079866401
7/15/2017,1.101325472,2.903120571,1.33230904,0.137762737,-0.770814333,2.414712798
7/16/2017,2.216374077,-0.485179318,1.845629132,0.154540497,-0.863972904,3.429717534
7/17/2017,-0.02973448,-4.699911561,-1.076358994,0.077328751,-0.891300226,2.473208317
7/18/2017,1.113634799,-2.897315189,0.199658699,0.025630276,-0.666702675,3.366376648
7/19/2017,-0.197479954,0.333241584,-4.128620877,0.060222907,-1.310526655,2.915521369
7/20/2017,-0.848619515,0.476751356,0.669996816,-0.220444306,-1.040086755,2.23686475
7/21/2017,0.847408477,0.564560458,-0.094954986,-0.106460683,-1.026486185,3.216417233
7/22/2017,1.204999406,2.776163066,-0.77550188,0.033538371,-1.200592536,2.686907985
7/23/2017,0.497502511,-1.442712332,-0.888755846,0.143971623,-0.845302827,1.725128541
7/24/2017,-0.676759348,-0.459211228,0.338345273,0.090549502,-0.749229452,1.499821814
7/25/2017,-0.839486662,1.52999466,-0.391794221,-0.025717491,-0.958727782,2.640540263
7/26/2017,0.214014453,0.377391733,0.833059493,0.04053813,-0.775915238,2.426417853
7/27/2017,0.640150733,-1.807758855,-0.480617472,0.043144709,-1.034510668,1.858319043
7/28/2017,0.759318726,-2.887762678,-0.583748039,-0.036699176,-0.874119763,2.99080615
7/29/2017,-0.171895958,1.997665094,0.033373865,-0.170970894,-0.986399419,2.255726194
7/30/2017,0.463058191,1.159259464,-2.771566184,-0.042959061,-1.170433544,3.090236484
7/31/2017,-0.715525243,-0.722827553,0.758624179,0.1411186,-1.011253747,3.727916551
8/1/2017,0.136992234,-0.063539976,1.264857518,0.010976263,-0.833566265,2.264163187
8/2/2017,0.240719458,2.223164032,-1.486074169,-0.127943971,-0.700687758,3.844840537
8/3/2017,0.849026562,-2.716273569,-0.858535808,0.126673568,-0.880658013,2.866668964
8/4/2017,1.696649785,-1.210297354,-1.095545407,0.080409735,-1.14788686,2.707020064
8/5/2017,-1.467673067,4.622675955,1.654514764,0.025241836,-0.784394938,4.197410786
8/6/2017,0.894348806,0.116995709,-0.494688871,0.012082492,-1.090988517,2.038391556
8/7/2017,0.876798997,-0.345499797,0.085015531,0.083758032,-0.771775981,5.087863902
8/8/2017,2.157835987,-0.664601089,0.908793346,0.059515536,-0.821614803,1.558345734
8/9/2017,-1.617228143,2.775239817,2.676407062,0.003582542,-0.77323877,4.43714708
8/10/2017,1.029134521,1.337110224,-1.297001738,-0.078257579,-0.945268379,3.29867521
8/11/2017,1.008205945,0.907598904,3.57262561,-0.199971684,-0.924412143,3.54867272
8/12/2017,0.535150548,-2.765879285,-0.868516219,-0.218349746,-1.248222459,2.300030677
8/13/2017,-0.89466715,1.015766681,-0.683226996,0.052829759,-0.928504067,3.892989169
8/14/2017,-1.466655472,3.565067746,-2.215735734,-0.019698185,-0.98320604,1.895312611
8/15/2017,0.697520073,-1.438541466,0.202157424,0.17508336,-1.16285098,2.773985339
8/16/2017,0.688716224,0.308749154,-1.154437063,-0.005050022,-1.078539428,3.455839187
8/17/2017,-0.622438472,1.178658342,-0.848891721,-0.018235817,-0.803286955,2.22016619
8/18/2017,0.975368399,0.615134917,0.115886546,0.185185499,-0.83516769,2.101602111
8/19/2017,-0.325359263,-0.128058089,-0.828098351,0.057689414,-1.43198767,2.454330779
8/20/2017,0.506345805,-0.49571596,0.508767411,0.013204934,-0.501418074,3.087538228
8/21/2017,-0.66714586,-2.786686604,1.34060415,-0.00885258,-1.199230705,2.253148991
8/22/2017,-0.715241259,1.30033696,-3.20595057,-0.021740318,-0.937035089,2.103377517
8/23/2017,0.98409675,0.539460092,-0.57798,-0.085451268,-0.868851162,4.39055974
8/24/2017,-0.326368307,0.648538237,-0.210371216,0.045041121,-0.959300797,3.463533581
8/25/2017,1.089373559,-3.514036561,-0.43512944,-0.224758606,-1.115549869,4.270650656
8/26/2017,-2.073531556,-3.80761626,-0.183086006,0.088025682,-1.602573376,3.577430493
8/27/2017,0.442300049,0.220370945,1.792510987,-0.010757086,-0.958612664,4.298784491
8/28/2017,0.507058251,-1.295823393,2.904626725,-0.050950231,-1.065653979,4.260239471
8/29/2017,0.370337047,-0.780366941,-0.100274839,0.076117367,-1.225086833,5.186050592
8/30/2017,0.156211567,0.217136806,-0.242192985,-0.152072053,-1.184607371,4.733768057
8/31/2017,0.642745232,-0.138930506,-0.57470849,0.070327149,-1.135597155,2.607595345
9/1/2017,0.20522585,0.104251751,2.763880302,0.063996616,-0.598895761,3.367474123
9/2/2017,-0.300154952,-2.269462666,-0.171312176,0.26605322,-0.983761638,1.99401576
9/3/2017,0.290668787,0.076464261,0.948722886,-0.095022165,-0.602774972,3.57497129
9/4/2017,-0.026721572,-0.056051101,-1.810007319,-0.061037208,-1.004018702,3.386719311
9/5/2017,-0.924301744,-0.705268355,-0.151393276,-0.080259506,-0.794798329,4.012740161
9/6/2017,-0.17714199,1.105692383,0.158267925,0.098121517,-1.159350917,3.492901719
9/7/2017,0.522995881,3.608050115,-0.311773328,0.178102729,-0.973172095,2.512532751
9/8/2017,-0.62761011,-0.09820973,-1.39829536,0.09098391,-0.931583565,3.840599702
9/9/2017,1.685317358,-1.417126147,1.151249735,0.06040641,-0.989718887,4.048274855
9/10/2017,-0.741320272,-3.48592902,1.816827856,0.028243578,-0.96997225,4.36475125
9/11/2017,-0.873881499,-3.69333575,1.130491542,-0.133341925,-0.860829001,3.578003069
9/12/2017,0.074368945,1.240385961,1.424875025,-0.048235084,-1.099441755,2.231102393
9/13/2017,0.322619577,-0.210482088,0.454361157,-0.18613768,-0.880559403,3.353284518
9/14/2017,0.571494741,-0.681372419,0.671208483,0.123180644,-1.067156944,3.907607333
9/15/2017,-0.364781966,2.852486029,1.127423594,-0.108691364,-0.433428992,4.802864682
9/16/2017,0.466201202,-1.575864413,-4.229654491,0.074763111,-1.222304403,3.994581258
9/17/2017,-1.230958208,-2.493706942,2.805840391,0.015639914,-0.906362267,4.0427265
9/18/2017,1.594771087,-0.360754465,0.843586175,0.121491689,-0.811949088,4.795421743
9/19/2017,-1.220526886,1.670807695,0.793580453,-0.032107678,-0.863828678,3.814145489
9/20/2017,-0.171583205,1.875822756,-6.162435687,0.138387742,-1.246432161,3.591114291
9/21/2017,0.346372426,0.560161029,0.115003407,-0.146674078,-0.971296049,2.734596835
9/22/2017,-0.624683172,-0.965164769,0.453022382,0.039904094,-1.00169557,3.517168629
9/23/2017,0.148700851,-1.023491088,0.693892468,-0.078047487,-0.859071036,3.985822415
9/24/2017,-0.705329846,1.567510046,0.678287903,-0.080125005,-0.736462276,1.858974466
9/25/2017,0.179951486,-0.820168181,0.911665751,0.107612347,-0.78428222,2.957899484
9/26/2017,0.2075412,-0.691425373,0.27845981,-0.06634615,-1.005885952,5.558152143
9/27/2017,-1.175633799,2.419981144,0.456729064,-0.185382053,-0.848151134,3.532490457
9/28/2017,-0.379820874,1.803660362,-1.394138468,-0.236698151,-0.9166332,3.234593138
9/29/2017,-0.701445357,-1.128160109,4.237500475,0.039514926,-0.878391389,3.729528596
9/30/2017,-0.318447289,3.213758942,-0.735100308,-0.074196306,-1.007847846,4.195548736
10/1/2017,0.772459336,-2.291710642,-0.588251053,-0.034974683,-1.389873591,2.419357299
10/2/2017,-0.910953459,3.378039514,-0.446786284,0.112410211,-0.725106825,5.439121053
10/3/2017,1.282018197,0.92708374,-0.014521596,-0.18678482,-1.104960318,3.310338527
10/4/2017,1.065762918,-4.040201165,-1.14568235,-0.228385075,-1.034389375,4.196871611
10/5/2017,2.923606572,-1.184971937,0.301894081,0.047764266,-1.181615927,4.748010451
10/6/2017,-0.526392917,0.989585334,-1.017251393,0.110456915,-1.114108435,3.909349923
10/7/2017,0.487117463,1.629808612,-0.815469498,-0.011951465,-1.22390917,5.52021104
10/8/2017,-1.175406428,-1.337615377,0.567240775,-0.134837806,-1.343590465,4.214263168
10/9/2017,0.939465255,-3.029999694,0.583615505,-0.108534343,-1.221605003,2.964125543
10/10/2017,-0.776529058,-1.230000106,0.511628164,0.110107359,-0.857343038,4.433661124
10/11/2017,0.309989877,3.018669841,0.053377751,0.069412198,-0.951158177,2.773221249
10/12/2017,0.731102477,-0.397122278,3.853805444,0.038518135,-1.249349293,4.245802006
10/13/2017,0.604861413,1.713382076,1.548680638,-0.099248968,-1.229376625,3.258670767
10/14/2017,-0.583683595,0.257057533,-0.364935782,0.049021079,-0.965742855,4.408936226
10/15/2017,0.118929955,-0.249230303,1.156012283,-0.124532259,-1.076136157,3.661191213
10/16/2017,0.392967986,-0.795832886,0.890246295,-0.083163562,-1.027991854,3.175616665
10/17/2017,-0.771585012,0.476684711,-1.723147169,0.022048158,-0.96646672,4.452682927
10/18/2017,1.616488906,-0.107535553,-2.196175539,-0.020597065,-0.927854933,4.042701227
10/19/2017,-1.088142546,0.255832045,-0.119821894,0.221622587,-1.199116252,3.305299595
10/20/2017,-0.372115252,0.855791501,0.124672392,-0.087212195,-1.288607439,2.782998226
10/21/2017,-1.637367972,0.835223745,0.814104162,-0.034503303,-1.003512123,3.815226769
10/22/2017,-0.976517218,-1.799424036,1.036101669,-0.051378336,-0.876139058,4.09541905
10/23/2017,1.584903274,-0.187219697,-3.113388967,0.11341122,-1.24767671,4.731314525
10/24/2017,0.015847639,-1.124856193,-0.040262359,0.179811873,-1.258133639,3.896884173
10/25/2017,1.436138121,-0.052464976,0.167908286,-0.041855954,-0.812716519,4.537999918
10/26/2017,-0.247792081,-1.589281907,-1.260572565,0.011851246,-1.006407774,4.795963334
10/27/2017,0.254033213,-1.13936393,-0.560187042,0.224836615,-1.063084208,5.438287474
10/28/2017,0.056735238,0.152094848,-0.403183859,-0.229783398,-1.281090743,4.562447993
10/29/2017,-0.63236495,-1.156070324,1.095604047,0.023078381,-1.046863222,2.074381072
10/30/2017,0.695658787,2.449384859,-0.250794781,-0.075801071,-0.98928755,2.113497531
10/31/2017,0.647954549,-0.773365021,-1.483864252,0.097033616,-1.046772719,4.87189159
11/1/2017,0.127737589,2.727130635,-0.268604806,0.124292962,-0.739996032,3.324740436
11/2/2017,1.663369503,2.103246453,-0.285621247,0.10476556,-0.951096798,3.027681588
11/3/2017,-0.150378377,3.769220508,-1.226224549,0.012044262,-0.666710343,4.347436095
11/4/2017,-0.502945468,0.463661987,1.36167733,-0.024519453,-0.579574081,2.717103388
11/5/2017,1.394598171,1.058369493,-1.080898268,-0.134806203,-1.187314172,3.424738543
11/6/2017,-0.662100072,0.77018763,0.361314389,0.019454096,-0.826688917,4.99026162
11/7/2017,-0.842889275,0.999820543,-0.605480292,0.025183259,-0.981381637,2.647454012
11/8/2017,1.164347381,-1.910560162,0.321851046,-0.057302867,-0.842156448,3.928986709
11/9/2017,0.61141929,-3.098054876,0.57863016,-0.017448752,-0.98035521,3.423630693
11/10/2017,0.952230559,3.559460465,-1.198195118,0.154826717,-1.058920407,5.19823779
11/11/2017,-0.28080859,4.024502786,-0.333392507,0.022384314,-0.972657256,3.436989124
11/12/2017,0.650119793,1.501130404,-0.752240327,-0.025637496,-1.105263073,5.265227475
11/13/2017,-0.536545234,2.725434286,1.553246776,-0.006361726,-1.034226327,3.806567664
11/14/2017,1.055433695,-2.482032373,1.797760238,-0.095297308,-0.767417227,3.833082824
11/15/2017,0.424563617,1.127327985,0.108039474,0.17801505,-0.867821236,4.081584982
11/16/2017,0.405967607,0.059564573,0.49561583,0.018079823,-0.959191159,5.584611243
11/17/2017,-1.117354207,-1.659903114,0.397744591,-0.074500891,-0.943553929,4.191555602
11/18/2017,-1.398656955,0.747627287,-0.439536494,0.004562445,-1.1538264,6.061881979
11/19/2017,0.940612226,0.938771195,-1.257346279,-0.101714018,-0.978726637,2.043241726
11/20/2017,-0.329321625,1.615712282,0.057175882,0.05938302,-0.874970917,7.017520115
11/21/2017,-0.163683624,-0.096826003,0.209997742,-0.07101198,-0.94599664,5.490819914
11/22/2017,-0.120500533,-5.356149258,1.559866971,0.102922037,-0.991743418,5.181798027
11/23/2017,0.723946774,-4.783828496,1.135059716,0.189868336,-1.075704483,3.739518829
11/24/2017,-0.503922068,-2.16182397,-1.881711593,-0.143337334,-0.946088959,2.049005684
11/25/2017,-0.636207098,-0.967187562,-0.288940237,-0.107549091,-1.106758826,6.120862095
11/26/2017,-0.556618063,-1.878137415,1.366437389,0.028214038,-1.123970825,4.523794675
11/27/2017,0.023832935,3.214862274,0.440437528,-0.026223442,-1.236204501,5.894328984
11/28/2017,-0.142505973,-1.551149001,0.978470314,0.112461952,-0.769723344,5.238119734
11/29/2017,-0.220841775,0.377736662,0.508366857,-0.171480445,-0.641058703,4.7166315
11/30/2017,0.696828032,4.238475643,-0.634079179,0.051369432,-0.816030233,3.559049242
12/1/2017,-0.986026891,-2.270418915,1.252109635,-0.057795917,-0.876811934,3.050584217
12/2/2017,-0.371255959,0.183073639,0.379160057,-0.009472972,-1.137771072,3.904325083
12/3/2017,0.387449542,0.070281151,0.064766084,-0.102034278,-0.915846107,4.121750287
12/4/2017,-0.044668337,-1.368280175,-0.664100223,-0.009239003,-0.844640243,5.178127459
12/5/2017,0.775258124,-3.680125559,-0.797257117,0.177151897,-1.227325493,3.451715694
12/6/2017,-3.027957071,-3.507294586,1.125680852,-0.191225389,-1.442967728,3.996423959
12/7/2017,-0.560100873,1.972047093,2.440260661,-0.119373788,-0.936140708,4.853159031
12/8/2017,-1.405107196,-1.154969396,0.106639773,0.139433592,-0.80799211,4.831472557
12/9/2017,0.989521388,0.074433107,2.062195246,0.168673169,-1.032673596,2.402959736
12/10/2017,-0.036761708,-2.52881981,-0.636877415,-0.017363701,-0.998338498,3.877213957
12/11/2017,0.786945235,1.365345021,0.257418143,0.023276546,-1.051522424,4.244880907
12/12/2017,1.08894994,-1.282078419,0.741479747,0.246514133,-1.337759417,3.763309574
12/13/2017,1.089510232,3.080762896,0.614171782,-0.096214921,-0.928986948,4.532096194
12/14/2017,-0.226846585,-2.539283609,1.338729073,0.143351994,-1.136574127,5.173696218
12/15/2017,1.113010294,-0.166757718,0.219803347,-0.039419117,-1.197856673,3.474862116
12/16/2017,-0.001551375,3.537577041,-3.303211562,0.010314649,-1.059848734,4.139056464
12/17/2017,-0.035634503,-3.890997889,1.758635534,-0.129552817,-1.32951248,5.568708646
12/18/2017,-0.622200604,0.663117704,-0.326883438,-0.131762838,-0.999678781,4.307598362
12/19/2017,0.040384564,-1.576133414,-0.223044745,0.175597033,-0.909178594,4.775253958
12/20/2017,0.685175707,-2.137817691,0.250654669,-0.049533437,-1.010524669,6.346024115
12/21/2017,-0.49994443,-1.155908016,-1.23882177,-0.013298268,-1.178126998,4.19962193
12/22/2017,-0.554102538,-2.482095628,0.475516292,-0.028777852,-1.278221045,3.628032667
12/23/2017,-0.115796992,-3.151463967,0.472272755,0.007204259,-0.958254468,2.952335253
12/24/2017,-0.701503985,-0.77218773,1.210642061,0.01139546,-0.826148004,4.0041566
12/25/2017,-1.566534632,-0.158242575,-1.473874137,-0.136765931,-0.565933996,4.354403037
12/26/2017,0.349999305,-1.766058575,-1.187297673,-0.14419805,-0.497974095,2.790751092
12/27/2017,-0.47767276,0.197786175,0.452570456,-0.023090177,-0.669934469,5.293335431
12/28/2017,1.576883302,1.330188888,-4.596202329,-0.007128217,-0.984932752,4.400411838
12/29/2017,0.470131135,-0.663505159,-0.719374958,-0.067572081,-1.144633828,4.360165133
12/30/2017,1.703544496,0.658244815,-0.310856717,0.031373734,-1.007317907,5.146232522
12/31/2017,-0.232900076,0.513133598,0.977127608,0.0048014,-0.856699726,4.213703815
1/1/2018,0.682693436,-3.091766722,-0.475716619,-0.238529975,0.036403633,4.551359166
1/2/2018,-0.283107089,-0.97995472,1.233933026,0.158030989,-0.097014343,4.623085505
1/3/2018,1.5722207,-2.033528236,2.19631697,0.041347049,0.009982101,4.3302487
1/4/2018,-1.042981494,0.65152987,1.060125105,0.064831521,0.036592097,6.617829946
1/5/2018,-1.392613545,-2.570905499,-0.600062601,-0.01502515,0.124576189,5.577569611
1/6/2018,0.230512443,-0.160793771,-0.83597211,-0.020499195,0.026897612,4.69718164
1/7/2018,-0.206983063,-0.569643557,-0.107591949,-0.062218432,-0.153586874,4.257702517
1/8/2018,-0.787219864,1.346636344,0.493451765,0.221399597,0.027427994,5.42607531
1/9/2018,0.515808583,-1.269053017,-1.266479389,-0.281744237,-0.188817906,3.712972926
1/10/2018,0.538794622,1.289408677,1.601556106,0.000314478,0.136078315,4.597395097
1/11/2018,-1.729740151,3.885155709,-1.047431423,-0.016651818,0.089549691,4.224030277
1/12/2018,0.504310028,0.071317441,-0.401241624,0.090855636,-0.030156898,4.638589399
1/13/2018,1.128488165,-1.638746976,0.475322515,-0.038927652,-0.01552609,5.986095185
1/14/2018,0.795352451,1.759199526,-0.225855457,-0.102252146,0.093100709,6.142135119
1/15/2018,1.901828843,-3.344298516,1.725240998,0.039722005,0.153696602,4.82746708
1/16/2018,0.836780911,1.744290485,0.169398234,0.006130825,0.157856158,4.584074067
1/17/2018,1.070120801,-1.259660782,-0.417996566,0.082102686,0.149922272,4.840171248
1/18/2018,-0.502212673,1.585510459,-0.179018501,-0.057502385,0.030515906,6.763304415
1/19/2018,0.357726455,-0.136557459,1.224635339,0.052786069,-0.007307614,5.252531431
1/20/2018,2.087510273,-1.366030438,1.048280969,0.145617173,-0.088492395,4.278478678
1/21/2018,0.396727132,-0.461146111,1.012633392,0.034363377,0.088503868,5.987742741
1/22/2018,-0.293240071,-7.642262597,-1.249575055,0.054596871,-0.016127841,6.049388049
1/23/2018,1.058051349,-1.897440274,1.414371393,-0.105720695,0.053628097,4.986528038
1/24/2018,2.326576099,-0.770033315,-0.926244259,0.025380199,-0.023523066,3.965208503
1/25/2018,-0.153204732,-2.495231219,0.81092367,-0.117396682,0.027589282,9.117021898
1/26/2018,0.319700076,2.14444938,1.444435313,-0.12310698,0.189332107,5.480587465
1/27/2018,1.728913339,-1.297464585,0.107971038,-0.117152114,-0.202374406,5.242116333
1/28/2018,0.043701166,0.992225434,-2.085184125,-0.128057808,0.010790929,5.973756404
1/29/2018,0.702783357,-2.215659259,-1.555166763,-0.115395243,-0.004810623,4.717656697
1/30/2018,0.728140888,3.802178823,0.44177991,-0.037564078,-0.052504973,4.370455261
1/31/2018,-1.521160522,-0.458743194,-0.306554271,-0.10450022,0.123073962,3.411268091
2/1/2018,-0.138182348,-0.574404151,-0.723671544,-0.078251929,0.020277912,4.777661447
2/2/2018,-0.634928886,-0.927430175,0.82711915,0.109194956,0.022277358,6.225987455
2/3/2018,-0.95095258,0.300433957,-0.918102454,-0.000387694,-0.001741036,3.620571084
2/4/2018,0.600941713,-0.170066661,1.617788157,0.094282646,0.015282729,4.052791299
2/5/2018,-0.914455096,0.838840578,-1.188324606,0.141755549,-0.033023174,5.549646639
2/6/2018,1.964244394,2.82641777,-0.518133803,-0.021723446,-0.096110277,5.209497593
2/7/2018,-0.278526022,3.910838503,-0.157786308,-0.005165571,0.03093435,3.414061189
2/8/2018,0.361968118,1.240055714,-1.328752505,0.124639423,-0.079715123,5.26310047
2/9/2018,1.937447621,-2.635622805,-0.213036705,-0.007889683,-0.261437061,4.949817103
2/10/2018,0.195220046,-0.151647842,0.592428136,-0.044475261,0.015586991,6.412913745
2/11/2018,-0.460777949,1.003334899,-1.441748804,-0.067803332,-0.005390483,4.831298249
2/12/2018,0.782549316,2.888799731,0.73012162,-0.100126846,0.033373596,3.673926862
2/13/2018,0.509959232,3.495908439,-1.087127956,-0.14313585,0.030935918,5.916264065
2/14/2018,-0.258735661,-1.715685955,0.786378357,-0.12117722,-0.012174368,5.245734504
2/15/2018,-0.267785461,0.402122284,-1.683783476,0.073889235,-0.079897334,5.592411388
2/16/2018,-1.281457575,0.967477464,-0.938048952,-0.130721825,0.105775316,3.732278989
2/17/2018,-0.248532954,-1.099080112,2.777751501,0.155076189,0.172468966,4.50818949
2/18/2018,1.891239284,2.142326554,1.588588989,-0.05707799,-0.15150704,4.532090873
2/19/2018,0.716853047,1.135361633,0.974731801,0.057966526,0.167677773,5.475791318
2/20/2018,-0.233372056,0.064939236,0.041332973,-0.043437027,0.050288958,5.006402268
2/21/2018,1.176804806,2.241675852,0.909766125,-0.190058408,0.045621284,4.762487459
2/22/2018,0.634144916,0.942553336,-1.683421024,-0.260359499,0.004327074,5.994000849
2/23/2018,-0.506774622,-4.496363888,1.017884462,0.026502128,0.094738157,4.129843128
2/24/2018,0.274076319,1.451293641,0.079167871,0.110614171,0.131504407,6.467057142
2/25/2018,0.115606178,0.088309195,-3.304733633,-0.000164756,0.048695421,5.899248889
2/26/2018,0.293018045,0.93410784,-0.874922312,-0.05520091,-0.096223509,5.112910329
2/27/2018,0.951110615,1.596864396,1.047963151,-0.0448973,-0.070258715,4.845057831
2/28/2018,-1.394094832,0.174963973,-1.571873177,-0.104438088,0.27080334,4.783831817
3/1/2018,0.592664036,-3.354530273,0.624840291,-0.138150203,0.087947999,6.126589263
3/2/2018,0.706365458,-2.10878781,-0.624363613,-0.030647721,0.105012053,6.51047232
3/3/2018,0.968540346,0.990500817,-0.214771655,0.055268812,0.147049676,4.803680904
3/4/2018,1.65726357,-0.789840239,3.531125675,-0.033124863,0.005337433,4.01933279
3/5/2018,1.163880051,-1.164324359,0.491623324,0.121117052,0.144500573,4.461776192
3/6/2018,-0.873225715,-3.096910834,-1.801970359,0.039457873,-0.053919141,5.689193678
3/7/2018,-0.759905308,-0.589969069,2.593868347,0.153967723,-0.028914525,4.602613599
3/8/2018,-0.1048891,-1.74135734,1.099893975,0.084798996,-0.137068956,5.952441898
3/9/2018,-0.150058397,1.651254802,-1.12239169,-0.049415432,-0.172876826,6.639527241
3/10/2018,-0.479630587,0.200930181,1.320863756,-0.048625461,-0.119807676,3.919832686
3/11/2018,0.904804802,1.764126907,0.450449669,0.197033832,-0.04090893,5.941469198
3/12/2018,-0.395155536,1.42395551,0.017686969,0.02592742,-0.005345303,5.063337766
3/13/2018,2.28430738,-3.45193215,-0.193520478,0.160230239,0.025696298,6.243673659
3/14/2018,0.164017941,2.549233891,1.397732789,-0.009188814,0.031029163,6.012952547
3/15/2018,0.418674555,3.235541452,-1.163021883,-0.094973137,0.011993574,5.318118305
3/16/2018,0.093382084,-0.982749938,0.877725403,0.062855067,0.062779716,5.205615641
3/17/2018,-0.099595699,1.950207682,1.763715846,0.11953534,-0.028345379,4.311028646
3/18/2018,-0.751072083,-1.31278485,1.737088464,-0.107957307,-0.157354836,4.656760937
3/19/2018,-2.066368097,0.550452599,-0.261218241,0.082300127,0.005046867,5.406089688
3/20/2018,1.724429545,0.783982957,-1.067679655,-0.153718397,-0.068803871,6.593077156
3/21/2018,-0.511490546,-0.081000401,-0.313028084,-0.012743762,-0.297791365,5.05151588
3/22/2018,-0.52412816,-2.406753296,1.277043347,-0.017966261,-0.029371487,4.033200781
3/23/2018,2.102877648,-0.410230865,-0.595921091,-0.035525465,-0.126994793,6.898591077
3/24/2018,-0.118852626,1.614801333,-0.207308086,-0.10684784,-0.060343086,4.08644494
3/25/2018,-1.330191787,4.244609251,-1.653124881,0.138988645,0.056862846,6.412541474
3/26/2018,-0.6961751,2.337300073,0.406532471,-0.135072012,-0.116256914,4.132617267
3/27/2018,-0.252582474,-0.832714715,0.801485742,-0.030129822,-0.015644685,3.505932387
3/28/2018,0.36610199,1.882083709,-0.508695803,0.163649509,-0.014097169,7.515030985
3/29/2018,-0.51380848,0.51290764,2.178777955,-0.081860184,-0.050413861,5.626612177
3/30/2018,0.461902624,-1.812283881,-0.018516145,0.132012624,-0.032231445,5.889593835
3/31/2018,-2.515352962,0.144142197,0.991700396,-0.073001738,0.030333756,7.276506455
4/1/2018,-0.277112836,-1.110452816,0.011782768,0.022898379,0.039855484,4.100710255
4/2/2018,-0.485321539,1.4720757,-2.152149104,0.06468963,-0.018395671,4.866230669
4/3/2018,-1.15684936,2.125221431,0.78663213,0.016359078,-0.0223805,4.664583531
4/4/2018,-0.505681469,1.696496999,0.971090625,-0.140614002,0.14873872,5.731787218
4/5/2018,0.990041224,-1.218153406,-0.53909515,0.061616876,-0.006750638,5.650226866
4/6/2018,-0.580892934,2.033305311,0.369436934,0.06836208,-0.042849805,4.754059782
4/7/2018,-0.580646019,0.5242666,-0.011466147,0.008089286,0.030182216,6.230820519
4/8/2018,-1.743278775,0.696652309,0.646792189,0.030195889,0.064728921,6.143736589
4/9/2018,0.647553962,-0.41168131,2.211397648,-0.041692101,0.021701371,6.406194513
4/10/2018,1.129499909,1.531446999,-0.529884831,0.023318212,-0.068375659,4.930633181
4/11/2018,1.372476973,0.690529999,0.43578292,0.188598514,-0.159597351,6.417102755
4/12/2018,-0.27477037,0.833330263,-3.961352405,0.090765119,0.052327768,6.118036274
4/13/2018,2.246211732,-1.955215323,0.748077821,-0.126093859,-0.074758248,6.97459636
4/14/2018,-0.147214906,-4.35244685,-0.298625851,0.044363587,-0.075240916,6.077833885
4/15/2018,-0.239682893,0.090463493,0.793016213,0.11036064,-0.048378368,5.691556375
4/16/2018,-0.509488144,-3.2997774,0.450392699,-0.006674334,-0.055484125,4.85017241
4/17/2018,-0.191348563,-2.571611611,-0.628373285,0.027728195,-0.014019638,3.437927425
4/18/2018,-0.107889849,0.060109931,-0.633364038,-0.108613953,-0.094630717,4.380496851
4/19/2018,0.387435302,0.516575526,0.321498568,-0.073413334,-0.085231072,4.695412765
4/20/2018,-0.121295824,0.48607081,1.220861534,-0.024154616,0.014584333,5.175947082
4/21/2018,0.188378826,-0.970406967,0.606687617,-0.001832093,-0.099697463,5.971470382
4/22/2018,1.224469261,0.04678051,0.82438726,-0.073886805,0.051908997,7.476126289
4/23/2018,0.533324794,1.060160895,-0.622157895,0.097257601,-0.244475914,4.053223348
4/24/2018,1.877223645,-4.33056254,0.50913141,-0.043221372,-0.098899813,6.363176219
4/25/2018,0.251478702,-0.390116,0.021382837,0.093298514,0.086086483,5.26313348
4/26/2018,-0.712887125,-1.747467913,1.215494337,0.1359504,0.03914759,6.684408467
4/27/2018,-1.224282468,0.273462999,0.81395987,0.024326,-0.185968956,4.087856998
4/28/2018,-0.900208537,0.100472187,0.057218867,0.121010024,0.147759994,3.5768767
4/29/2018,-1.50274158,0.410502247,5.422756622,-0.156575357,0.08267377,5.703472148
4/30/2018,0.617768739,1.290044745,1.675343176,0.066935297,-0.080945778,7.888585812
5/1/2018,-1.607566436,2.816408959,1.060977238,0.151777285,0.033881725,6.999333678
5/2/2018,1.208228822,5.030562093,1.70717968,-0.076644878,-0.087360747,5.692606808
5/3/2018,-0.263616163,-0.939681498,0.612899786,0.047463291,0.070214458,6.264764271
5/4/2018,0.666247178,-2.32674941,-0.45042286,0.053138483,0.031800322,8.677261115
5/5/2018,0.554331659,1.745474693,-0.20573617,-0.134847033,0.021950457,6.478682393
5/6/2018,-0.562236076,1.32129218,-1.001163007,0.044113393,0.032516414,5.810569082
5/7/2018,-0.42048991,-2.893341434,-2.421126686,0.161738899,0.130243878,4.948894322
5/8/2018,0.095903578,-0.31413294,0.044935984,0.000553164,0.113135625,6.579119214
5/9/2018,0.679205809,2.513117171,-0.99720623,0.179935241,0.001329494,6.698445574
5/10/2018,1.629208562,-0.137666102,0.418420632,0.079606803,0.112267746,7.260232771
5/11/2018,-1.04192083,-3.351220141,-1.785316104,0.111331422,0.038515687,6.297226527
5/12/2018,0.375803975,0.173159978,-0.218260696,0.042423659,-0.140287135,6.026146303
5/13/2018,-0.865884503,-2.480317107,-1.38147679,0.060843494,0.043876344,8.455815614
5/14/2018,1.889254624,0.974307625,1.32452509,0.082022648,0.014821228,6.236090341
5/15/2018,0.292334819,2.192033123,0.838479354,0.244316957,0.035509915,5.61345093
5/16/2018,-0.558768433,-1.854941763,-0.197155511,-0.033823294,0.188090054,4.641167971
5/17/2018,-0.257996113,3.076847778,0.54949851,-0.163408785,-0.053564984,5.935239462
5/18/2018,-0.590040493,5.144155615,0.860457287,0.106051275,-0.100250619,5.455181869
5/19/2018,-0.268709867,-1.299945262,0.870526813,-0.047499921,0.004124092,5.177341175
5/20/2018,0.456211354,-1.396224374,0.372537458,-0.176465058,-0.062893814,6.951337333
5/21/2018,-0.494363493,-2.151426968,0.424437229,-0.038453609,0.007659524,7.608754455
5/22/2018,0.357125628,4.473133167,-1.147460116,0.015701028,-0.138676309,8.001947003
5/23/2018,1.051285004,-0.236801699,1.282329673,0.008338765,0.069007181,5.378192571
5/24/2018,0.472606727,4.162297843,2.201924311,0.072515989,-0.027092978,5.363526441
5/25/2018,-1.383325557,-1.374662237,1.480654186,0.034568592,0.047520721,5.192330811
5/26/2018,1.104040715,-0.904786613,-0.301876784,-0.18671427,-0.101795466,6.225314542
5/27/2018,0.336409578,0.671113979,-1.48279196,0.029712502,0.035370387,6.122954256
5/28/2018,0.112654906,-1.173032083,1.599685658,0.048590501,-0.12381123,5.713054787
5/29/2018,0.092547351,-2.954349863,-1.682009288,0.237957816,0.017315018,7.088025834
5/30/2018,1.16254644,-0.402128515,0.677412336,0.01843295,0.083999609,4.489770806
5/31/2018,-1.267978462,0.546826233,-1.198125114,-0.102002492,0.072252457,6.330996107
6/1/2018,0.723591367,-0.012025294,1.657778252,-0.031368221,0.121286492,5.736315577
6/2/2018,0.060679491,-3.522032714,0.625269543,0.178887603,-0.223579039,8.062273703
6/3/2018,1.755918,-0.243705103,0.390128625,-0.083164908,0.063975512,6.932145398
6/4/2018,1.005983944,2.991256897,-0.640400062,-0.002078239,0.135847857,5.973523461
6/5/2018,1.2794379,-1.914076428,0.503112046,0.005570656,-0.085276533,7.634111061
6/6/2018,-1.140420214,0.85034362,-1.516492655,-0.080659905,-0.089242933,5.99674681
6/7/2018,0.971927502,0.788028978,-0.722812956,-0.036987883,0.159473311,4.906165047
6/8/2018,-0.075180955,-1.944912557,1.555714748,-0.040439027,-0.149888117,6.558975689
6/9/2018,-0.712908487,-4.247979406,2.891874311,0.085546525,0.012186411,4.822929061
6/10/2018,0.043448994,-1.390990485,0.948917259,0.059604984,0.051938121,5.534651992
6/11/2018,-0.017920579,-2.684427305,0.013847418,-0.000790655,-0.014371388,6.025406936
6/12/2018,0.789580383,2.485952296,1.403319562,-0.077157932,-0.141832244,6.79394918
6/13/2018,-0.474083176,-0.166206465,0.436579625,-0.161829453,-0.066006431,8.228543544
6/14/2018,-0.695149214,0.203762383,1.098758192,0.034320107,0.281279323,6.569471911
6/15/2018,-0.445883905,3.002799919,-1.728902708,0.094094423,-0.027023994,6.809741114
6/16/2018,-0.569455001,1.913000379,-0.48945824,-0.053503167,-0.059396711,6.031595055
6/17/2018,-0.54639695,-2.627004944,-0.143255825,-0.071327446,-0.008682366,5.666267158
6/18/2018,0.733925442,1.769396871,0.052471628,0.098010852,-0.018544693,7.042633223
6/19/2018,-0.419422378,-2.780462506,-0.647419899,0.00318172,-0.147968204,6.34402901
6/20/2018,0.510004167,-0.501029026,-1.435273098,0.002161494,-0.06609809,7.118989042
6/21/2018,1.21752999,-0.846780479,-9.073323192,-0.045557902,0.00054884,6.689750902
6/22/2018,-0.257506676,-1.009263698,0.33003938,0.099001989,-0.03246307,7.448434396
6/23/2018,1.327042879,2.265777151,-0.391919493,-0.052928081,0.212885529,7.122650926
6/24/2018,-1.195943502,1.290618639,-0.87578944,-0.006621001,-0.001770234,6.50802512
6/25/2018,0.204079456,-1.500880153,-0.686378913,0.002992553,0.017666348,6.682914146
6/26/2018,-0.728383692,0.911985715,1.696167641,0.061923512,0.050916984,7.813541115
6/27/2018,-0.717500213,-1.734356124,-0.440459669,-0.05740587,0.059151842,7.748609418
6/28/2018,0.763440676,-0.792613003,-1.388228659,-0.007898811,0.140551435,5.82305868
6/29/2018,1.086216664,-3.334201851,-0.411752982,0.231127125,-0.00667049,7.053443709
6/30/2018,1.781271781,1.919988604,-0.032296583,-0.073642293,0.108758617,6.499087367
7/1/2018,0.582817173,-0.351645813,-1.912750745,0.001441589,-0.166180153,6.403806086
7/2/2018,-0.204278083,2.990823507,-1.774399771,0.008645109,-0.045065381,7.475504907
7/3/2018,-1.489168214,-0.761099936,0.141631067,0.065378754,-0.00841116,7.108279209
7/4/2018,-2.02633535,1.860048533,-0.492737124,-0.034229267,-0.013928905,6.523595118
7/5/2018,1.879095975,-1.078774804,-1.059401398,0.076954307,-0.146880233,6.424609484
7/6/2018,-0.54191452,-0.324397797,-1.945223329,0.176960136,0.196656792,5.963682565
7/7/2018,0.022647058,-0.448426016,0.636563555,0.125763452,-0.07746729,6.121083262
7/8/2018,0.008027916,2.421513354,1.526598148,-0.007171486,0.237344207,5.307455193
7/9/2018,0.740994091,-1.952313698,1.152014224,0.068932178,-0.010418061,7.553627497
7/10/2018,0.499269264,0.215914849,-0.842500003,0.00389928,0.061524797,5.504228587
7/11/2018,0.586964596,-0.651455497,0.827265556,-0.059123604,-0.087785078,5.973087178
7/12/2018,0.099178846,-0.005929262,0.410441904,-0.275432717,0.021526561,8.301460691
7/13/2018,0.715873366,3.423898884,-0.75150179,0.208363378,-0.072794017,5.972942217
7/14/2018,0.552578622,-1.87332132,-0.451934573,-0.030447582,-0.040227868,6.847946816
7/15/2018,0.400305298,0.796748094,1.173841841,0.052420183,0.107167362,9.353246821
7/16/2018,1.925798036,1.832698725,-0.64590817,-0.058053211,-0.139647166,7.079669676
7/17/2018,-1.026524087,-1.844999588,-0.298185486,-0.010154891,0.12420217,6.182511114
7/18/2018,-1.182355616,-2.143100526,-2.108526914,-0.110780849,0.035542093,6.657267443
7/19/2018,-0.049450986,0.33319571,-0.909018918,0.082793406,-0.037441037,7.17885213
7/20/2018,-0.931597909,-1.11080362,-0.191775731,0.123760294,-0.031148178,7.038244918
7/21/2018,-0.073076726,-0.574991106,0.156982699,0.147175954,0.021543648,4.922147517
7/22/2018,1.266837858,0.236828225,0.968911214,-0.021329782,0.120472593,6.060524137
7/23/2018,1.2829697,0.217790958,0.360430308,0.053906929,0.0568243,7.064953915
7/24/2018,1.699644443,-0.11790722,2.037708406,0.006000104,0.135000024,5.881766602
7/25/2018,-0.901737039,-1.427205495,-0.732739131,0.042120607,-0.052999608,6.189546032
7/26/2018,1.31021873,1.842787402,0.984542997,0.100658245,-0.107171026,6.434909834
7/27/2018,1.474298858,-1.912207837,-1.598187528,-0.152470926,0.210517925,6.729371801
7/28/2018,1.248721101,2.798865933,-0.882755467,-0.018278141,-0.045560007,6.754577912
7/29/2018,0.724721111,0.513150035,2.188238339,-0.021272984,0.219520019,5.92162333
7/30/2018,0.899242702,-0.589498768,-0.850474474,0.024073442,-0.086389411,7.479415747
7/31/2018,-2.262763883,0.716066812,1.48912304,0.016608127,0.00867169,7.596160091
8/1/2018,-0.37931004,0.456308045,-0.376034578,0.207962573,-0.074545915,5.47673318
8/2/2018,-0.763436457,-0.070020993,0.775735765,-0.033979076,-0.058565677,5.318930473
8/3/2018,-1.135554595,-0.27647495,-0.964993365,-0.071234203,0.047232317,7.579629484
8/4/2018,-0.972799176,3.448302943,0.870053916,0.069343633,0.025003575,6.779789764
8/5/2018,-0.277534563,-0.919847433,2.009971657,0.18134419,-0.018900691,6.497981458
8/6/2018,-0.665975356,0.050488143,0.719305697,0.097262833,0.139237719,9.170580891
8/7/2018,-0.026827247,-4.74890465,-0.025020639,-0.102307271,0.135609566,6.304204941
8/8/2018,-2.277976168,-0.509923116,0.491328862,-0.110485852,0.085869308,6.370538715
8/9/2018,-0.398403166,-0.383493154,0.168509116,-0.024655809,0.080850376,8.174215722
8/10/2018,-0.691978684,1.369423078,-0.15850404,-0.086360611,0.163770421,4.962204304
8/11/2018,0.561810794,-3.075668412,0.438941923,0.01265995,-0.072372701,8.126903896
8/12/2018,-0.216576203,-2.836136358,-0.730327189,0.038299607,0.122726434,9.229521519
8/13/2018,-1.268403815,3.693567414,0.269735522,0.049529127,-0.033364637,7.045354063
8/14/2018,0.176135032,1.969284461,-1.107970207,-0.149809346,-0.004011105,7.520151846
8/15/2018,2.218597146,3.782418088,1.956823313,0.163058825,0.032153591,5.727153357
8/16/2018,-0.85475035,-2.492778357,1.811329593,0.061013625,-0.150468155,8.628646641
8/17/2018,0.9971891,-0.135266815,-0.364394058,-0.028374836,-0.009702633,6.134153066
8/18/2018,0.820066143,5.866534748,0.47270862,0.034367526,0.102095309,6.499531314
8/19/2018,1.256805904,-0.517699171,0.484368794,-0.149452931,-0.155573824,6.873003018
8/20/2018,0.112776291,1.026267854,0.598446848,-0.043689198,0.118460507,7.530280087
8/21/2018,1.361956328,-1.227020046,-0.802877198,-0.035303863,-0.042744553,6.14022422
8/22/2018,-0.684886502,-0.021408883,-0.880416077,0.052044127,-0.050491753,6.376551031
8/23/2018,-1.645763939,4.90700662,0.048951596,0.129932623,0.073631755,8.000378429
8/24/2018,-1.102158529,-1.024444795,0.141025452,0.100573737,-0.074496487,6.364248177
8/25/2018,-0.248159516,-2.956829946,0.432054123,0.106412957,0.045863353,5.97204917
8/26/2018,2.674395426,-2.525989813,1.262233559,-0.016748415,0.089058152,7.12173876
8/27/2018,1.174102053,1.357090315,-1.071233582,0.006533272,-0.048920198,7.939863952
8/28/2018,-0.428156808,3.632821003,0.741016737,-0.034872969,0.106326758,6.719464446
8/29/2018,-0.105687918,-2.098904218,-1.590540459,-0.03441094,-0.135444514,6.598588263
8/30/2018,-0.364837055,1.77847735,-0.225469531,-0.004896315,0.045302341,6.498440072
8/31/2018,0.206283704,1.764866897,0.583398537,0.037673761,-0.019849779,7.23203923
9/1/2018,2.246911338,0.668832889,2.089604934,-0.020651251,-0.047016411,5.73229964
9/2/2018,-0.205603209,3.850963025,0.078534038,-0.049679653,0.099559734,8.494747463
9/3/2018,0.210609435,0.614453976,0.258151822,0.116036686,0.091175799,8.773757375
9/4/2018,0.864575975,-1.638525792,-0.231158723,0.180765137,0.175903682,6.587875725
9/5/2018,0.884676226,3.963416498,0.71713607,0.035965082,0.037478856,9.32429732
9/6/2018,-0.485531569,-2.732191834,-0.56091163,-0.036576221,-0.058124599,7.206551928
9/7/2018,-0.134369991,-0.018135985,-0.533623377,0.059709678,0.075352731,6.646405148
9/8/2018,-2.171671551,1.231792485,-10.56267595,-0.180310818,0.286134821,7.967397171
9/9/2018,-0.449266139,1.1925844,0.069763742,-0.11313511,-0.12001544,7.343548861
9/10/2018,0.244258308,1.499829939,-0.281936602,-0.01122712,-0.035623281,5.553583516
9/11/2018,-0.570621259,-4.834066875,3.582614684,-0.064612301,-0.093710006,6.722733655
9/12/2018,0.634903475,-0.138463673,-2.025125248,0.070085338,-0.008497299,7.325720776
9/13/2018,0.951725922,0.494599757,0.817994748,-0.078195703,0.156626911,6.995708005
9/14/2018,-2.159564356,-2.0562819,-1.789778256,-0.036446266,0.097345588,6.506885286
9/15/2018,0.545122013,0.658605379,0.13778171,0.029794898,-0.140667813,6.945749745
9/16/2018,-0.467537347,0.963788251,3.678033897,0.059900236,0.170299323,7.939832976
9/17/2018,-0.488942518,2.653977147,-0.4109482,0.07997428,0.075201241,8.049375857
9/18/2018,-0.591988741,-1.867203541,0.222270328,-0.0954242,-0.01737495,7.063013584
9/19/2018,0.147963113,-0.878253669,-2.597047752,-0.004108404,0.108703995,5.923185757
9/20/2018,-0.192981179,2.507669214,-1.001101964,-0.022491272,-0.042758844,7.270381576
9/21/2018,-0.677401207,-2.082263713,0.467893722,0.176163085,-0.023625604,9.00653985
9/22/2018,0.085418633,0.996762912,-0.691389181,0.028617118,0.04942945,7.605107499
9/23/2018,-1.294948795,5.296942004,-0.228393197,0.062759707,0.012570191,6.074557862
9/24/2018,-0.475051218,-1.244552744,-0.289100831,0.10278035,-0.112900893,7.235061458
9/25/2018,0.90581567,-1.405021592,-0.683868177,0.135185768,0.075483484,8.851580503
9/26/2018,0.671946126,-2.11443068,-1.735574794,0.116626834,0.013364904,6.05404162
9/27/2018,0.601756151,-1.358399509,-0.12151766,-0.024217402,0.020878086,7.997727258
9/28/2018,0.060022225,2.816044193,0.191566355,0.029192562,0.121902584,7.491462366
9/29/2018,0.350560724,-0.767183932,1.609446423,-0.117446849,0.190947931,7.151614749
9/30/2018,-0.434360707,-0.997484062,1.820215272,-0.070149594,-0.084744665,7.232753539
10/1/2018,-1.1396244,-1.312842592,0.486992802,-0.039061659,-0.039471554,7.307424703
10/2/2018,0.469441583,-0.198497589,-2.308777791,-0.033474688,0.048637154,7.574920967
10/3/2018,-2.426619233,0.7715262,-1.547027398,-0.097092967,-0.060043613,8.855796114
10/4/2018,-0.15826773,0.956655488,1.226345564,-0.014510213,-0.189825176,6.967560608
10/5/2018,1.147436127,-0.129387371,-0.633702781,0.104668775,0.022619614,7.167946644
10/6/2018,0.350283159,-1.979223232,1.623426387,-0.066162452,0.006900784,7.529396513
10/7/2018,0.529929716,-1.831315506,0.231639758,0.023967902,-0.050329507,8.555782059
10/8/2018,2.364099695,-1.177834381,2.148490504,0.258250615,0.07996782,6.655071322
10/9/2018,-0.492751418,1.538245681,-0.351204932,-0.006793181,-0.062851677,6.788036728
10/10/2018,0.111879439,-1.401322273,-0.170941697,-0.000223413,-0.093707696,7.198746184
10/11/2018,0.142182201,3.775649512,0.641061163,-0.117569402,-0.037652165,8.468546572
10/12/2018,0.589341809,1.125108272,2.041373388,-0.068551603,0.173011094,9.187000541
10/13/2018,0.44168296,-0.873647826,0.292348991,0.215312374,0.087378077,6.400324599
10/14/2018,0.833567491,2.334250672,-1.044855407,0.044922516,-0.225779806,5.286969133
10/15/2018,-0.052620365,-0.422361996,0.995569698,-0.003302111,-0.13635072,8.722917207
10/16/2018,0.854964066,4.147021597,-1.282390036,-0.075458597,-0.0390812,8.193757783
10/17/2018,-0.620578081,-0.362508959,-0.118334846,-0.084151392,0.14271927,6.730935193
10/18/2018,0.253202683,-1.468249933,-1.286462695,-0.065905464,-0.032193871,6.886117637
10/19/2018,-0.797649283,2.28240592,-0.79393107,-0.107184546,-0.037173642,6.294256506
10/20/2018,1.104247766,-1.027495018,-1.061841585,0.085467905,0.114909104,7.406972649
10/21/2018,-1.511231265,0.552889421,0.490238603,-0.014019659,-0.071570324,7.443564111
10/22/2018,-0.697450319,1.280178925,0.851423941,0.088054435,0.003912826,5.82223295
10/23/2018,-1.187769512,-1.855244478,-1.762094188,0.205268865,0.110108998,6.557230556
10/24/2018,-0.099641252,2.318934156,-2.321389159,-0.069727512,0.229902762,6.776388594
10/25/2018,-1.42815151,1.231641604,-0.237279495,0.064263922,-0.163750694,7.418300061
10/26/2018,1.818655915,2.595176051,-1.159811247,0.066952579,-0.128724139,8.67782959
10/27/2018,0.113609767,1.445705005,0.384866473,-0.172443586,0.065394798,7.283200275
10/28/2018,0.05759107,-0.457806876,0.689970213,0.095713606,0.172072889,9.131813391
10/29/2018,1.530127652,1.019065173,-3.752148136,0.129932077,0.092155875,7.410531546
10/30/2018,0.165812067,1.057354344,0.687133726,-0.01749854,-0.005278046,9.132001651
10/31/2018,0.05279001,-0.905717021,2.239339297,0.065096038,0.240592485,7.405332421
11/1/2018,-0.468735835,-2.933406749,0.588817126,0.040445775,0.031350823,7.699632865
11/2/2018,-0.084603409,-0.900382264,-0.251011078,0.036075449,0.026099534,6.875321043
11/3/2018,0.797911209,1.016145424,-1.426017395,-0.168490481,0.053071408,9.597262009
11/4/2018,1.140498296,-0.882933614,-0.952235768,0.014558449,-0.05150417,7.224634675
11/5/2018,-1.704672435,-3.125750478,-0.67988291,0.074154704,-0.075971421,6.478550449
11/6/2018,1.102983896,-1.29597214,-0.850540133,0.111304525,0.099114389,7.852879136
11/7/2018,-1.183467041,0.248582066,0.328578778,-0.039929618,-0.096113454,7.55721843
11/8/2018,1.054248114,-0.372898419,0.00204422,0.10859708,-0.023147605,8.758261776
11/9/2018,-0.243694076,0.352864234,-0.806244155,0.159250252,0.023237167,7.136381748
11/10/2018,0.630109986,0.726043528,-1.261705964,-0.030363645,-0.034978165,8.302334376
11/11/2018,-0.121085525,4.149528992,-0.188108462,0.178494873,0.08636622,7.505338116
11/12/2018,-0.178033607,1.621420734,-0.810758985,0.03782007,0.088511676,7.103803585
11/13/2018,-0.549518713,-2.031923152,0.207611096,-0.194001395,-0.12826174,7.275399239
11/14/2018,0.138325846,-0.872544305,0.598161558,0.007469861,0.206021133,8.957936045
11/15/2018,0.275210731,1.057119832,-0.475727292,0.132816664,-0.004999698,8.503737683
11/16/2018,-1.101168208,-0.728833521,0.425415647,-0.081242517,0.060531971,7.093425903
11/17/2018,1.304603484,-1.452237048,1.259581436,-0.11527589,-0.027433335,7.639161947
11/18/2018,-1.180530952,3.163259121,0.692165543,-0.11647496,-0.030504682,7.817467427
11/19/2018,0.23562574,-1.338775436,0.370232417,0.093081651,0.007589961,8.651482747
11/20/2018,2.002340284,1.194778916,3.520401097,-0.161663897,0.14515173,7.571062646
11/21/2018,-1.185943262,-0.94592668,0.852865608,-0.031054664,0.06574741,8.809607068
11/22/2018,0.218093778,-2.342266852,-0.057518368,-0.08018225,0.106496165,9.230294722
11/23/2018,0.281028878,2.439299015,0.574400773,0.072914746,-0.14819735,8.925229795
11/24/2018,-0.087779707,-0.063511978,-0.258453382,-0.000914689,-0.130728,6.395795257
11/25/2018,-0.651254517,-2.200200597,2.903478843,0.038341748,0.002730753,9.641926015
11/26/2018,0.74022187,-2.807913351,1.28640752,0.157334663,-0.091715215,7.692331667
11/27/2018,-0.270377242,1.674299981,-2.082681456,-0.043055651,-0.053265342,8.190416143
11/28/2018,2.27299073,0.22749137,-0.400585885,0.163772861,0.081812578,7.869039629
11/29/2018,-0.347385568,1.535277755,-5.48851284,-0.030991771,-0.116321531,6.255127178
11/30/2018,-0.21544758,-1.538389675,-0.273290141,0.021404068,-0.036059947,6.695050983
12/1/2018,-0.575068936,-0.758223769,1.011389775,0.026847889,-0.109429508,7.858440952
12/2/2018,-0.895439768,-1.349895851,0.32685202,-0.170419215,-0.092146616,7.664602918
12/3/2018,-1.265170014,1.390856327,-0.10518019,-0.211412997,-0.121630936,8.920098414
12/4/2018,-1.988154116,-1.362602051,-3.579486022,-0.134355002,0.014920919,7.494540625
12/5/2018,0.672626939,-3.269573712,-1.205001598,0.085085448,-0.030841819,6.744115204
12/6/2018,-2.024258906,0.075456289,1.093515888,-0.054553835,-0.222859937,7.738360005
12/7/2018,0.045137421,-2.986202109,-0.302772635,-0.084937216,0.066091731,7.58532429
12/8/2018,-2.16023512,-2.814550903,-0.061210351,0.016567708,-0.070141788,6.706747501
12/9/2018,0.668885603,2.060454097,0.23929735,-0.104617546,-0.095860944,8.376857442
12/10/2018,0.783943693,-0.117178635,0.543429227,-0.006142657,-0.094515247,7.669860726
12/11/2018,1.234475703,2.125925149,0.404906917,0.057197042,-0.090685863,8.339316547
12/12/2018,-0.302138747,0.4118987,-0.338512091,-0.079789378,0.108177782,8.836413105
12/13/2018,0.116996309,2.630981462,1.081523986,0.012667072,-0.039169435,8.555148864
12/14/2018,0.148917626,-0.150145736,0.711633898,0.015322946,-0.038956383,8.083532843
12/15/2018,0.011000348,0.68042565,1.699854426,-0.121983595,-0.002688143,8.513149657
12/16/2018,-1.400695354,-2.693868103,-0.225920185,-0.095528399,-0.113801128,7.408361473
12/17/2018,0.365708108,-3.267237694,0.797805768,-0.174813491,-0.065846492,6.816911763
12/18/2018,0.176892359,1.589983032,-0.630672688,0.055076364,0.138068631,7.611159057
12/19/2018,-0.404872306,-3.380323139,-0.332565552,-0.043870404,-0.049392209,9.944604715
12/20/2018,-0.174061009,3.868920397,2.220033132,-0.123371425,-0.139567974,8.735969436
12/21/2018,-1.030544643,2.31294407,1.203671656,0.065008083,-0.075285979,6.779050501
12/22/2018,1.550553918,3.062723874,1.177437001,0.067155984,0.004609869,7.003637407
12/23/2018,1.032734538,-2.134281702,0.820378755,0.024390364,0.0336352,9.67158001
12/24/2018,-0.223151741,-0.485416659,-3.922651104,-0.001031632,-0.045397731,7.827311245
12/25/2018,0.75250604,-0.318039842,0.154047538,0.098450332,-0.024203344,9.783780968
12/26/2018,-1.089798169,-2.354885509,-1.275348927,0.193053556,0.119557715,8.579948578
12/27/2018,0.473555678,-0.651265302,-0.523058111,0.076798295,0.026654007,8.459625
12/28/2018,1.433116738,0.325632454,0.905919872,0.028890635,0.040695833,9.396883818
12/29/2018,0.285427831,-0.476289921,1.082403743,0.111481709,0.03170039,7.285139081
12/30/2018,2.249272795,-1.233574925,-0.666277042,-0.080877844,0.004339591,7.776089567
12/31/2018,0.316409131,5.673544457,-0.964591566,-0.150844162,-0.091405484,6.495294028
1/1/2019,0.317738326,2.026676224,-1.218925627,1.069932205,0.900574061,8.490801221
1/2/2019,1.639719054,1.642417454,-1.391579747,0.967316721,1.074486541,9.003303912
1/3/2019,0.255558905,-1.528098422,-1.096551097,0.945559443,0.950600706,7.669381808
1/4/2019,-1.371069635,-0.158095558,0.707498832,0.934196356,1.042270293,7.148526633
1/5/2019,1.357421903,-0.001937093,-0.114596074,1.150019135,0.82207754,8.264434075
1/6/2019,0.404508298,-0.672241373,-0.023222217,1.027593853,0.954875919,7.947407283
1/7/2019,0.084509757,-0.168784683,-1.428077482,1.105448138,0.973350594,8.012440459
1/8/2019,-0.372975135,-0.063218114,-1.19658638,0.908704754,0.949098112,7.466536311
1/9/2019,-1.065228516,-3.255847337,-0.150205494,1.023814622,1.042053343,8.867641242
1/10/2019,-0.384408231,-0.021011209,-1.072421591,1.083740422,1.016230952,9.534762009
1/11/2019,0.021419052,-2.030430835,-0.190930964,1.075148731,1.075922216,8.028596527
1/12/2019,-0.966253541,-1.013101902,0.349112992,1.06045245,0.920756795,7.484990863
1/13/2019,-2.474443378,2.753739291,0.19638665,1.052350239,1.130699297,8.505757207
1/14/2019,-0.318821936,1.754845201,0.661678388,1.045076872,1.129184796,6.48312
1/15/2019,-0.767635249,-2.461641436,-0.094924417,1.031786153,0.784259207,7.218663508
1/16/2019,-0.39716981,0.217470849,2.026081159,0.887466775,1.04669018,8.74293256
1/17/2019,0.888550432,2.770189405,1.538657664,0.952632056,0.98252857,8.299346507
1/18/2019,-0.35933892,-0.622657556,0.274190586,1.094149759,1.014506611,9.575509954
1/19/2019,-1.475057488,5.15105638,-1.193536468,0.703781091,1.152393366,6.988781173
1/20/2019,1.85594191,3.147710371,3.761216351,1.009843996,0.930972838,9.363876432
1/21/2019,-0.292108258,-2.40596371,-4.544934825,1.000874055,1.140381636,8.181662912
1/22/2019,-0.893374354,5.68863694,-1.529122535,0.823737543,1.124405392,7.835131786
1/23/2019,0.854245158,-0.790616122,0.197152442,0.919695005,0.790660835,7.289911231
1/24/2019,-0.530844757,-2.772865465,-0.629343499,0.967747168,0.84489883,9.584950343
1/25/2019,1.785932872,2.40398668,-5.11829343,0.836586954,1.13197912,8.437962574
1/26/2019,1.510076601,4.350325495,-0.394773446,1.101885603,1.104409911,10.88829563
1/27/2019,0.158241272,-0.617788532,1.111869063,1.222573658,1.068381037,8.049530029
1/28/2019,-0.570764618,-3.493578707,0.693493248,1.081235864,0.927645925,9.457802228
1/29/2019,-1.04873486,0.57818742,0.465807496,0.987825121,0.887107472,8.258905743
1/30/2019,-1.138642414,-0.389980811,-0.702967452,1.095499594,1.041142327,7.844218567
1/31/2019,0.09594832,-2.820549454,-1.10147724,0.846702686,0.975578036,8.592671097
2/1/2019,0.369601834,3.64788779,0.837715126,0.939210539,0.964244556,10.75851753
2/2/2019,-0.796037252,-0.251155373,-0.898061561,1.015970315,0.931457232,7.680780596
2/3/2019,-0.024274737,1.75890129,0.727583121,0.862837772,0.927534574,7.510331359
2/4/2019,-0.360891403,1.032499107,0.272547221,0.989440187,0.901068202,8.102110696
2/5/2019,0.126394704,0.722146978,1.346791451,0.988226834,1.039448072,8.176373133
2/6/2019,-0.112300425,0.478487,0.656072056,0.954949933,1.058824859,7.802334272
2/7/2019,0.60907471,0.345963104,-0.991490342,0.936941238,1.031867546,8.766068259
2/8/2019,-1.167385343,-2.07789633,1.552090083,0.937072743,1.067256968,9.284742285
2/9/2019,0.30069268,0.25558919,-0.16878983,0.889588644,0.752539195,7.751487074
2/10/2019,-0.913104221,-0.718916904,-1.461778069,1.007031965,1.055307213,7.190349386
2/11/2019,2.041454238,-2.00409993,-0.573196923,0.929996965,0.990113787,8.233850199
2/12/2019,1.07423319,-3.42287925,0.847927992,1.167941462,1.048367295,8.548394837
2/13/2019,0.174879723,2.899786343,0.232451867,1.160777312,1.060897741,9.130952912
2/14/2019,-0.669722257,1.374305109,0.599391064,0.883018443,1.010331028,8.399749619
2/15/2019,0.333639088,-4.570287275,-1.552073861,0.88522834,0.921496499,10.68596851
2/16/2019,-0.32052197,0.565674451,-0.072518082,0.889796273,0.974399284,8.285244742
2/17/2019,-0.333873017,-0.452464818,-0.974754372,1.096335461,0.86458347,7.368140903
2/18/2019,0.364512786,1.983370609,-0.698579155,0.954721316,0.717039887,8.643962361
2/19/2019,1.415132412,1.411445502,0.352536773,1.01998416,1.077918313,11.03104935
2/20/2019,-0.618397926,0.58511343,0.018863698,1.15647197,1.028904441,10.04644697
2/21/2019,0.174625128,0.790552913,-0.162845143,0.920635862,0.893767872,10.00477985
2/22/2019,-0.413698816,-1.462416521,0.803303723,0.834402376,0.988390259,8.610008716
2/23/2019,1.696188947,1.515789524,-0.208652239,1.038150369,1.001607147,7.465370108
2/24/2019,1.357188278,0.746429153,-2.378364506,0.880219663,1.000688336,9.625404552
2/25/2019,1.198841566,0.573601848,1.969471675,0.876692201,0.894319105,7.47886633
2/26/2019,1.078759419,-1.159067266,1.707885438,0.99915156,1.134707966,7.993256863
2/27/2019,0.821558919,-0.983770594,0.491437712,0.956721808,0.970325732,9.000734828
2/28/2019,0.057632248,2.462238245,1.509413812,1.012681052,0.874073239,8.625482505
3/1/2019,0.259120042,-1.33954004,-1.515588659,1.100976753,1.197468603,8.95647898
3/2/2019,-1.004932861,-1.039461605,-1.112877995,1.016367074,0.941495281,9.243064915
3/3/2019,-0.225400854,-1.564616118,-0.453566556,0.914335962,1.030555903,9.385482046
3/4/2019,0.378971371,-1.924586401,0.64673753,0.913537096,0.953504661,9.372168933
3/5/2019,-0.321145,-0.858123699,0.044278929,1.041544018,1.043704644,9.105294799
3/6/2019,0.102573688,-0.166371173,-0.862517295,1.046813222,1.123657492,9.408440826
3/7/2019,1.664677453,-4.150996576,-0.677858448,1.097094821,0.980413935,9.499724089
3/8/2019,-1.82178234,-0.007435287,0.714390427,1.034576532,0.805697113,9.414687306
3/9/2019,0.436136622,-2.333872607,2.89101414,0.974266868,0.892027819,9.70016779
3/10/2019,-1.074927467,0.160654323,-0.682793123,1.035881493,1.081856766,8.62903031
3/11/2019,0.213502222,0.683803148,0.009438251,1.042684387,0.863375713,10.07267438
3/12/2019,1.595502491,-0.91772132,0.296612269,0.934830036,1.040185109,7.293751799
3/13/2019,1.364571653,0.784669345,1.340984556,0.938534108,0.937573178,8.022283588
3/14/2019,1.796958699,-0.549694337,-0.057631284,1.177530487,1.071787215,10.46372093
3/15/2019,0.787709606,-2.165348731,-0.272447971,0.882137619,0.956812877,11.11350239
3/16/2019,-0.500296986,0.334001436,-0.410322957,1.048316374,0.945837915,9.713758978
3/17/2019,0.358080321,-0.062475784,2.78645723,1.078772039,0.914491354,10.44706737
3/18/2019,1.262890267,-0.562977522,-0.263013475,1.104562368,0.834821213,9.232903711
3/19/2019,1.857384026,3.067442095,-0.741277074,1.020463871,0.928587955,10.03167815
3/20/2019,-0.061256361,1.239239926,0.526750755,0.828856041,0.886417194,9.947971986
3/21/2019,-0.189885187,-2.913560216,0.075479293,1.011230528,0.930088325,9.307700199
3/22/2019,1.342926169,0.097290372,-0.589900606,0.971585345,1.053828649,10.33530396
3/23/2019,2.12237959,1.447270844,-0.795207848,0.948242959,0.993874654,9.788063291
3/24/2019,0.84582946,0.416000109,0.28124275,0.913297032,1.044388528,10.71248571
3/25/2019,-1.128778397,-4.163141711,-1.863560917,1.029172416,0.998657567,8.786101729
3/26/2019,-0.541308701,2.018687679,-2.053618458,1.048669547,1.002520974,9.008582845
3/27/2019,-1.024928771,1.105346324,1.052621771,0.825005424,0.902622206,9.335412802
3/28/2019,-0.351640658,0.36636911,0.822902727,1.10576858,0.933906051,10.28649004
3/29/2019,-0.230390367,2.030092073,-1.478199338,0.738909687,1.155328025,8.99601333
3/30/2019,-0.109610165,0.537085382,2.389732739,0.995355228,1.065867653,11.86641019
3/31/2019,-0.3311281,0.069996962,-0.558455609,0.951338685,1.156547455,8.615529149
4/1/2019,-0.879735393,5.144268591,-0.116642613,0.888291042,0.822623774,8.3216901
4/2/2019,-0.214975202,2.672615744,-0.611608262,1.165731775,1.086028565,9.147243885
4/3/2019,-0.651576972,2.011386765,0.363404171,0.978771574,0.918892723,9.423470295
4/4/2019,-1.235111021,2.340273088,0.210048115,1.11435735,1.03328151,9.401292779
4/5/2019,1.31924212,-1.708097326,0.693859847,1.008303669,0.880539174,10.91314492
4/6/2019,-0.170809966,-1.030374429,0.600663263,0.817307015,0.894925123,7.772559791
4/7/2019,2.510337145,2.279144499,-0.928162447,1.01555633,1.030773049,9.031147709
4/8/2019,0.949072535,1.289112968,2.543755955,0.772549384,0.943598968,8.552260972
4/9/2019,0.262947775,-2.722231641,-0.800160394,0.965843434,0.813591788,8.521625415
4/10/2019,1.509355138,-1.328235164,3.746900156,1.098411263,0.975852983,9.105989973
4/11/2019,-0.200794537,-2.083726272,-0.53588282,1.078376961,0.908522594,8.85865315
4/12/2019,-0.578413595,-0.892141927,-0.062668212,0.905548176,1.054154019,10.16387935
4/13/2019,0.301709471,-0.201110806,1.185873499,0.968130692,1.082482515,8.644099329
4/14/2019,-1.215610203,-2.7862819,-0.492030764,0.988208398,1.083648393,8.898347982
4/15/2019,1.228700421,0.737522255,-0.342299098,0.922497118,1.019130732,9.486866071
4/16/2019,-1.033342872,2.543054508,0.481513492,1.101142619,0.978676787,9.787032129
4/17/2019,-0.889758899,-0.684622523,-0.395869244,0.920518523,0.996558395,8.481304998
4/18/2019,-0.674087884,-2.425127852,-0.632993863,0.879129636,0.907986929,10.82399114
4/19/2019,0.15106065,0.389435855,0.038741899,1.025742103,0.85068213,9.14081296
4/20/2019,-0.3492709,-1.862935376,1.794508846,0.953236087,1.189811788,9.867050371
4/21/2019,0.272795136,1.241850691,-1.088425906,0.952930148,0.92795921,9.266473443
4/22/2019,-0.098592145,-0.407590297,-0.163488355,0.953000721,0.86887686,10.29948134
4/23/2019,1.742273172,-0.283962832,3.848786609,0.937392086,1.100646398,8.23622235
4/24/2019,-1.565440082,-1.450824978,0.543125417,0.866352017,1.030000628,8.677506084
4/25/2019,0.544307795,-3.895858269,0.181205062,0.91444701,1.064474443,9.343446666
4/26/2019,-0.667226455,1.833132381,-0.700308077,0.904797332,0.810773553,10.21469474
4/27/2019,0.783145597,-0.686306696,0.971617742,1.093391732,1.065515967,11.02842798
4/28/2019,1.257811987,-3.038644011,-0.85536683,0.927893268,0.976188886,11.08203733
4/29/2019,1.217291231,-2.358321855,0.984273797,0.860010482,0.802222185,9.279916489
4/30/2019,0.287114714,-3.172540075,0.647832394,1.035585023,0.933471231,8.655499086
5/1/2019,-1.818304032,3.693235967,1.535355383,1.051646845,0.996681604,9.104730261
5/2/2019,0.467299548,1.563828798,2.446421025,0.863432826,0.987972672,10.44682815
5/3/2019,-0.724273648,1.58353471,-0.388277172,0.852847403,1.09143697,9.030951318
5/4/2019,-1.101622299,-0.414840486,0.42477592,0.972382031,0.961840279,9.314120646
5/5/2019,0.046454334,-1.526854099,-1.963570321,0.961887918,1.099127405,10.13924522
5/6/2019,1.547969151,2.229740374,-0.11798222,0.983246064,0.942247603,9.00948024
5/7/2019,-0.138328931,0.805847729,-0.968424445,1.035705412,0.9012397,7.792915905
5/8/2019,-0.007017163,-2.59641804,0.958475062,1.014337752,0.872433222,10.99576595
5/9/2019,0.844113233,-5.128109028,2.646682871,1.038749923,1.12039542,9.292195287
5/10/2019,0.525994641,0.250589118,1.421204886,0.885662483,0.892059138,10.39673076
5/11/2019,1.06411273,0.880237724,-1.785220027,0.873200839,0.82692476,7.323697402
5/12/2019,-0.804614504,-2.063805338,2.693563313,1.107160111,0.994321104,10.56661843
5/13/2019,-1.92554267,2.05176315,-1.884737462,0.898477481,1.03152334,9.817951395
5/14/2019,0.791198946,-0.15010682,0.387961308,1.019287023,0.967340059,9.867917656
5/15/2019,-0.504710213,1.108566025,-0.264705713,0.95376081,1.006544098,7.230100324
5/16/2019,0.281736685,-0.737448263,-0.178851206,0.868558269,1.261676461,9.473224117
5/17/2019,0.492724933,2.391322052,-0.075108484,0.920419186,0.97116638,10.12833331
5/18/2019,-1.739606407,-1.190836076,2.77208261,0.887269791,1.009352189,10.12986108
5/19/2019,-1.214904083,-0.425669759,0.861876947,1.11995276,1.010872036,10.66236093
5/20/2019,0.901416055,2.778172691,-0.27351154,0.972181669,0.81863574,10.18849714
5/21/2019,-0.546718653,-1.782933613,-0.215695734,0.954248289,1.025254009,10.23003896
5/22/2019,0.808651892,-0.882036674,-1.405706018,0.890338122,1.022344524,9.183329964
5/23/2019,-0.764499243,0.976050266,0.846398493,0.967210584,0.951305972,8.427643114
5/24/2019,1.154570397,0.38216645,-0.23477251,1.144504467,1.01767902,8.660342421
5/25/2019,0.421307961,-0.262114525,1.209048607,1.095305852,0.990004063,9.927938335
5/26/2019,1.285494934,-1.3992075,0.137443569,0.957230604,1.019720277,9.21809774
5/27/2019,0.104340047,0.993735313,-1.766775325,0.816180442,1.059439841,11.32099968
5/28/2019,0.389730434,-2.504372953,-1.097630498,1.02113639,0.901418532,11.00317211
5/29/2019,-1.03000893,-0.101393805,-0.439670536,1.079492615,1.052197578,8.996809539
5/30/2019,-1.653845353,-3.214655358,-0.197885624,1.104127722,1.029823494,9.134162631
5/31/2019,2.151061393,-1.949182196,-0.773185088,0.923696924,1.093010992,10.91690828
6/1/2019,-1.158966618,-1.138531886,-1.577004487,1.119043412,0.855937336,9.519471431
6/2/2019,0.48776036,-0.030621839,0.513488076,1.068277865,1.103313172,9.666081746
6/3/2019,1.105861005,1.553262464,0.833694098,0.989337132,1.029135751,9.587971624
6/4/2019,-0.332214551,-0.527547513,1.308360049,0.876736869,1.071890095,10.24335946
6/5/2019,-1.615854531,-3.572514868,-1.108411965,0.881950284,0.994087755,9.164876474
6/6/2019,-0.006310214,-0.74127792,0.849059153,1.067742052,0.97291669,10.89736345
6/7/2019,0.030240025,-4.530215643,0.226899766,0.89501724,0.963166507,11.01450704
6/8/2019,-0.875305028,-1.322813101,-1.54242668,0.915613186,1.063526448,10.02968393
6/9/2019,-0.117875068,3.065584034,-0.444907357,1.079524337,0.968670053,10.86040715
6/10/2019,-0.207709479,1.523581882,0.091665075,0.968379988,0.964297624,8.93318902
6/11/2019,0.418574593,-0.489171436,-0.278704114,1.344786649,1.028931707,8.758316451
6/12/2019,0.021573663,1.399111379,-0.394893659,0.994266347,0.76249615,10.63992135
6/13/2019,-0.512692358,-1.636146032,0.8810783,1.113317986,1.036690188,8.748337439
6/14/2019,0.77022039,-0.226679125,0.667000111,0.955638566,0.955313547,9.0715897
6/15/2019,-0.089535643,-5.052324228,2.300673866,1.036208304,0.787759345,9.066569385
6/16/2019,0.512100781,1.066048096,0.319674412,1.022211788,0.958656033,10.77871799
6/17/2019,-0.750088982,-1.242648666,-1.482332837,0.890647167,0.868594006,10.53726912
6/18/2019,1.225696526,-0.394397981,0.3476202,0.968297497,1.062989807,10.73802711
6/19/2019,-0.632096085,-1.511897387,0.389702006,0.953886003,1.019440227,9.51954046
6/20/2019,0.858629231,2.122929101,0.34501066,1.118579273,1.140938101,10.14816594
6/21/2019,1.874107303,-4.065936614,-0.979864298,1.241589052,0.957084942,9.876213904
6/22/2019,0.170848578,2.263403716,-3.053658426,1.057736879,0.884656568,12.04684551
6/23/2019,0.013992362,-2.580884709,-1.117539869,1.078292941,1.015068381,10.55998438
6/24/2019,1.153227493,0.013199192,-0.385122402,1.074435278,1.075185558,8.716199303
6/25/2019,0.197743623,1.151252051,0.779082398,0.981650358,0.880778376,9.167386516
6/26/2019,-0.073737863,2.117184738,1.642693571,0.999460695,1.068643139,12.15203429
6/27/2019,0.388738904,-5.153350085,0.274994347,1.056341264,0.90325259,12.36905037
6/28/2019,-1.016355645,-4.237306577,-0.671625769,1.153131169,0.867632366,9.663456353
6/29/2019,0.955323994,5.162122923,-1.063958769,1.173173885,0.889355973,9.22069332
6/30/2019,-1.230000487,-0.598102891,1.221681231,1.205547129,0.997470116,10.63328865
7/1/2019,0.773424158,3.75102231,-1.213153178,0.833842693,0.902696048,10.41959015
7/2/2019,-0.295764632,-1.155982151,0.324840963,0.933497444,0.947460507,11.83473175
7/3/2019,-0.314825612,-0.689732966,-1.348789192,1.052469921,0.889616922,10.94968534
7/4/2019,-0.952717029,0.913030353,1.579729745,1.070249263,1.139515266,9.541720331
7/5/2019,0.542327129,-2.157609743,0.262706067,1.102446624,0.960726306,12.25715791
7/6/2019,-0.893207811,-4.941704153,0.619519795,1.160694173,1.03430574,10.5991657
7/7/2019,-0.648218946,-0.011152198,0.741114301,1.085807165,0.889988311,10.30694587
7/8/2019,0.812805455,-2.651342361,-0.364783159,1.113516748,1.003767785,11.05183413
7/9/2019,1.550299517,2.064091258,-0.769377196,0.94276609,1.030046588,9.993346117
7/10/2019,-0.664079809,1.142812499,-2.501161812,0.904265155,0.907797391,9.313285129
7/11/2019,-1.420310394,1.124927053,-2.590530939,0.93163687,0.902780992,10.545055
7/12/2019,-2.209679826,0.237699696,1.149843979,0.764940588,1.194664682,9.286071821
7/13/2019,0.304984124,-1.551866453,-0.480295708,1.088695127,1.194189075,11.61257521
7/14/2019,-0.174838872,0.661411804,0.94193317,1.080707398,1.058109408,10.37386847
7/15/2019,0.080443986,-1.035562871,-0.588477235,0.900712008,0.886401739,8.703557313
7/16/2019,0.360412523,3.067134503,1.325510203,0.988290455,0.98774794,11.22897743
7/17/2019,-0.584161946,1.689923588,-0.944353458,1.017633616,0.915580522,10.79369729
7/18/2019,-1.373183541,-1.930131283,1.374856261,1.121883367,0.860874015,10.52435662
7/19/2019,1.072846117,-1.261751777,-4.552539567,0.963306222,1.056000247,9.468275597
7/20/2019,-0.274511363,-2.499056803,-0.143110962,0.899826924,1.052445971,10.13039062
7/21/2019,0.215695175,0.645635374,-1.524888066,0.930235463,1.069338878,10.1279801
7/22/2019,0.709440241,2.761168356,-0.433984403,0.838121146,1.091691372,10.92578199
7/23/2019,1.535231075,1.470568746,1.3255871,1.005930942,1.019762426,11.1458175
7/24/2019,-0.756358332,1.853671948,0.817937851,1.172588263,1.081002103,10.72316299
7/25/2019,0.749695154,0.601279809,0.519193947,0.994691747,1.054954191,9.94073419
7/26/2019,-0.627352987,-0.122750469,2.715631473,1.042141195,0.849469616,9.64562576
7/27/2019,1.678142495,-2.580410757,-0.563225024,1.04502286,1.063964522,10.11293395
7/28/2019,-1.978067031,5.647998604,-0.439443077,0.890037545,0.950775928,9.186456676
7/29/2019,-0.638380054,-2.492288049,0.186962716,1.011699116,0.978156582,11.81672928
7/30/2019,-0.982374412,-0.72454041,0.291220074,0.897790842,1.044755483,11.06070003
7/31/2019,-0.639516557,-0.652458357,1.739567483,1.158743455,1.088612219,9.009170709
8/1/2019,0.943901695,-0.64606995,-0.316385019,0.983614961,1.220394189,10.93908582
8/2/2019,-0.120335389,5.296253908,-1.58075729,0.968864467,1.014870684,9.229638866
8/3/2019,0.245969738,-1.300713243,1.062893452,0.982269073,1.055959179,11.04691564
8/4/2019,-2.296030003,-1.530448195,0.892776217,1.098388374,0.933882152,10.95804899
8/5/2019,0.878057212,-0.156780947,1.346425787,1.140860817,0.979310667,9.628677898
8/6/2019,0.621743686,0.641975548,0.860888171,1.017218902,0.983184106,11.21806832
8/7/2019,0.493768588,1.8308762,-3.024871361,1.057587611,0.900387681,10.14338678
8/8/2019,1.533148044,0.748320713,-0.382205193,1.03568559,1.126546495,10.05789887
8/9/2019,-0.312812169,-3.084961031,-0.250900545,0.942195438,0.909445379,9.33183422
8/10/2019,-1.328491707,0.979302424,2.52102265,1.131199351,0.998262612,11.24419467
8/11/2019,0.764774125,-1.614083291,-0.482631212,0.794950834,0.875485252,10.46605716
8/12/2019,1.507254267,1.358116466,0.735226406,0.976094625,1.039733412,9.619935828
8/13/2019,-0.116490965,-1.864490178,-2.322357525,0.90282866,0.862014002,11.24165191
8/14/2019,-1.48558233,-5.663508679,-0.763810268,0.933371208,1.046145213,10.86852494
8/15/2019,0.514610809,-0.243201761,1.331012605,1.14489896,1.0855107,11.18582597
8/16/2019,2.389089962,-2.706530162,0.799700431,1.066021233,0.966021233,10.83586197
8/17/2019,-0.508471012,-0.409338539,-0.322428628,1.109067064,0.929303231,9.159035088
8/18/2019,0.524528675,0.255600965,-1.058500275,1.084475533,1.116540603,8.940978889
8/19/2019,0.841524646,2.605628176,1.972095186,0.936306128,0.99539334,9.620289716
8/20/2019,0.254059246,0.034123006,-0.81318366,0.973054427,1.045286008,10.10283362
8/21/2019,-1.338360712,-2.90284888,0.236650707,0.964292162,0.880108588,10.66004134
8/22/2019,1.075876145,0.524740137,-0.135273502,1.049709366,1.019011106,9.217124897
8/23/2019,0.132761176,1.320034362,0.048331151,0.986298227,1.072060846,8.081789483
8/24/2019,-0.566210152,-0.298215757,-0.761410709,0.823959809,0.998222458,9.564944204
8/25/2019,-0.661823848,0.975841009,-0.934629066,1.141362072,1.042096755,10.97038398
8/26/2019,-0.20091672,1.703366729,-1.790735229,0.858925167,0.954630577,9.573819938
8/27/2019,-1.027538941,-1.789461098,0.080999489,0.99276751,1.125886306,9.857034874
8/28/2019,-0.987296353,1.774780829,0.371496453,0.964034415,0.89578787,11.98238393
8/29/2019,0.752148503,-2.762098609,1.422872413,1.02121205,1.114959122,11.79027057
8/30/2019,-1.35668171,-3.609938219,0.239150599,1.211728513,1.100625679,10.48082698
8/31/2019,1.849185768,-2.048116253,-0.422535321,0.958397919,1.01597317,11.75271846
9/1/2019,-2.363442645,3.902776594,-1.493925884,0.842392717,0.984406258,11.11830144
9/2/2019,-0.425796025,1.176138255,1.324499917,0.842188397,1.197556449,9.920504395
9/3/2019,-1.218792059,0.956659434,-1.626166149,1.192609433,1.283819962,10.23835812
9/4/2019,1.618489847,1.889233103,-1.313784733,1.217850165,0.938867399,11.2878746
9/5/2019,0.85069751,1.725342301,1.312793757,1.092851348,1.013674539,10.42449403
9/6/2019,0.242240635,-1.814299922,0.322432877,0.981675992,1.133593624,11.32781123
9/7/2019,0.751209479,-0.442099498,-0.416118901,0.865119963,0.855477821,12.49609041
9/8/2019,0.269719194,0.347091418,-1.363239617,0.968710349,0.850952598,12.25486828
9/9/2019,1.641834533,0.607886467,-0.520471658,1.125741758,1.040064161,10.25742447
9/10/2019,-0.2209405,-0.219420975,-1.140026195,0.984257137,0.995866737,10.58766078
9/11/2019,-1.080348717,0.021575415,-0.321404002,1.1894321,1.013212744,13.26908222
9/12/2019,0.447711001,-0.194633607,0.110861862,1.119919383,1.018796805,10.10564268
9/13/2019,-1.281942191,-1.608451902,-2.283115157,0.937782352,1.051200027,12.26394366
9/14/2019,-0.339276371,-0.467948231,1.361045308,1.238028441,0.819107534,10.23940526
9/15/2019,-1.023415578,0.880617483,-0.94498463,1.065648901,0.773133983,12.61740545
9/16/2019,1.732606577,1.046000828,1.359300199,1.041917585,1.167762286,10.87507692
9/17/2019,1.396042361,0.182756074,-0.693653349,0.907283802,0.992924823,10.44796646
9/18/2019,1.218410354,-2.346856624,-0.239417858,1.055526125,1.038776049,11.28798024
9/19/2019,-0.498543734,-0.407494873,-0.79035639,0.996967459,0.989872604,9.711450019
9/20/2019,1.30495657,3.009555317,-0.123744147,1.091400693,1.082982406,11.26282096
9/21/2019,-0.615225339,0.088347982,1.028013832,1.061395316,0.89032352,9.329983055
9/22/2019,-0.381140824,-0.024679621,-0.535859843,0.767049748,0.721661678,10.28007847
9/23/2019,0.480858043,-5.493891018,-0.162770903,0.953755953,1.030575304,9.698685596
9/24/2019,-0.845745028,-2.836363004,-0.788604724,0.996205363,0.96879544,10.01764498
9/25/2019,1.231720806,-0.523611129,0.074174343,1.149881656,0.923342605,11.74651915
9/26/2019,-0.598524532,-2.430847743,1.159718662,1.019133581,1.037539345,10.17879743
9/27/2019,0.934567885,2.680171384,-0.719570811,0.985850527,0.860070045,9.173354676
9/28/2019,-0.287072983,-1.358782408,-1.689578351,0.980487317,1.134748662,12.74910272
9/29/2019,0.069491599,-0.324804037,1.400822679,1.214923397,1.103527464,10.88648255
9/30/2019,0.060178213,0.634689063,0.495153965,0.970313254,0.935873867,10.58705363
10/1/2019,-1.392550019,0.029211288,0.578217971,1.013698229,0.826653325,10.47709197
10/2/2019,0.283820101,-0.719821674,0.885821758,1.11417745,0.96684098,10.41312615
10/3/2019,0.635403509,1.016228451,0.34750814,1.084476335,0.933157897,12.72594527
10/4/2019,-1.497900413,3.914586615,-1.240757564,1.0717935,0.999080023,12.12322129
10/5/2019,0.778681348,1.881867608,-0.032450435,1.02775768,1.137286921,9.96150501
10/6/2019,-0.015125846,-1.283511006,-1.145350879,0.784743165,1.15869836,10.26902172
10/7/2019,-0.799198926,0.267971162,1.715517326,1.021755348,1.048556622,9.832352018
10/8/2019,-1.659227587,0.543947602,-2.194790707,0.783656761,0.965322594,11.824036
10/9/2019,-0.492135654,0.329403223,-1.637085501,0.885212571,0.867380797,11.8690808
10/10/2019,0.591122792,2.770400454,-0.863166619,0.671896433,0.934478752,11.13749297
10/11/2019,0.948391188,-3.446386692,0.038147056,1.159293496,0.89920348,11.26077673
10/12/2019,0.659807115,-2.199089084,1.186028543,1.055560754,0.973872052,12.48209246
10/13/2019,-0.324837186,-2.864307464,0.426787096,1.167574034,1.000934807,11.85722168
10/14/2019,-0.051986857,-0.106659904,0.419866651,0.858712095,1.003413892,11.79247656
10/15/2019,-1.333392203,0.589586345,0.866660935,0.938304118,1.082611827,11.41196229
10/16/2019,-1.005322976,2.313701002,-4.606257894,0.981461964,0.978568041,12.58501132
10/17/2019,2.251402663,2.16468991,-1.277686895,1.17000355,1.106462173,10.75557809
10/18/2019,-0.562656279,2.437283582,-0.249836399,0.86853701,1.009601439,10.57151957
10/19/2019,0.423481083,4.183947234,2.418024095,0.89497436,0.925744358,11.88410642
10/20/2019,-0.390697118,1.46290387,-0.917514266,1.015360191,0.995612935,12.99521135
10/21/2019,-0.505044168,-2.423129371,2.172309802,1.036975526,1.016101357,11.36397743
10/22/2019,1.558553374,2.614423123,-0.21897964,1.077054297,0.873555502,11.73111055
10/23/2019,-1.16467305,-0.717285315,-0.645607278,1.116901283,0.998787514,11.07104495
10/24/2019,-0.49162453,-0.405295895,0.06206408,1.182064438,0.779010323,12.61268491
10/25/2019,-0.71301335,1.27748599,0.755921091,0.979168605,1.013918978,12.50625328
10/26/2019,-0.958629796,1.484182219,1.508342224,0.856980956,1.045580238,10.58057599
10/27/2019,-0.473290657,1.841496068,1.781306447,0.946844656,0.932749039,11.38169402
10/28/2019,-0.141557055,-2.447828158,1.050060201,0.99353681,0.877150009,10.9913156
10/29/2019,-2.663759519,2.390972452,3.382492316,1.017888466,0.830095392,12.92050586
10/30/2019,-1.10601919,0.253330998,-0.115982067,0.941304119,1.074986882,11.32114208
10/31/2019,-0.132191739,2.234615492,0.201058846,1.023472006,0.940844367,12.4770122
11/1/2019,-0.144535506,-2.769378715,-1.289575491,0.936648906,1.138961494,10.88419333
11/2/2019,0.306892045,0.821564644,1.081026042,0.741429966,1.169984697,11.41677874
11/3/2019,0.066926748,2.789797852,0.414696254,0.917989421,0.975935889,9.645094685
11/4/2019,0.329557066,-2.863406099,-1.388224889,1.088367464,1.032740434,13.2167198
11/5/2019,-1.308741327,1.946743055,0.561354124,1.058747571,0.884584403,11.75776343
11/6/2019,-0.026045795,0.835909523,-0.254813492,1.066543602,1.031170419,11.37546578
11/7/2019,0.03974761,-1.839864542,-1.047697555,0.877595719,0.978907344,11.76019208
11/8/2019,0.841321984,-1.980905029,1.264691328,0.910479694,0.944116664,11.21364369
11/9/2019,0.341123269,2.772426341,0.291779627,1.055782722,0.907681496,12.48231701
11/10/2019,1.115009695,-2.238153653,2.575884205,1.048805404,0.863985469,11.33086096
11/11/2019,1.890691539,-1.844478671,0.638497715,0.99131876,1.04317918,11.25503093
11/12/2019,0.188670306,-0.90258815,1.297933234,1.00332858,1.101053255,11.04665692
11/13/2019,0.223208555,0.94830464,-0.213720827,0.879907593,1.16146361,10.0458779
11/14/2019,1.018559369,2.15418667,-0.401264445,0.903452791,0.858823695,10.92392941
11/15/2019,0.331489896,-3.037214716,-0.988095579,1.028927218,0.912764378,11.39677899
11/16/2019,1.847030725,0.08786632,2.161853243,0.951948855,1.000885868,11.63991529
11/17/2019,1.328872651,-0.57916974,0.442108194,1.036710029,0.956609568,12.19907128
11/18/2019,0.647089332,-1.799077393,-2.528257961,1.202367564,0.970461823,11.08373082
11/19/2019,-1.304166951,0.702518288,0.660694266,1.081898387,1.055681537,12.07348233
11/20/2019,0.600952929,1.139639775,0.555737375,1.075626744,1.131590855,12.78795084
11/21/2019,-0.604750868,0.733659417,0.035893696,0.979649292,0.905296611,10.76423642
11/22/2019,0.846724242,-0.832695558,0.547115904,1.003571677,1.019097581,11.21293477
11/23/2019,-1.460080554,1.255853424,2.624659906,0.921088622,1.032998078,10.86696796
11/24/2019,-1.268006285,1.584777693,0.162946205,0.9883556,0.972653844,10.44703829
11/25/2019,-1.204351227,-0.440634226,-0.046797509,1.082411747,1.068338529,13.00026651
11/26/2019,1.301978284,-1.549322883,2.075047655,0.907563351,1.24403677,9.580789412
11/27/2019,1.716703867,0.056224266,0.158499978,0.866482356,0.996390943,11.79486366
11/28/2019,0.347303418,-1.18382543,0.675777706,1.023136161,1.204308805,13.90810408
11/29/2019,0.104386967,-1.77575665,-1.245549583,0.925293588,1.072640238,10.76014028
11/30/2019,1.922378509,-2.297086538,-1.098333371,1.040313562,1.023673997,11.72104846
12/1/2019,0.675083172,1.419602689,0.083998113,1.08004482,0.875020365,12.99354474
12/2/2019,1.293186354,-1.91010025,0.877209515,1.199572534,0.969905518,12.41830497
12/3/2019,0.530301921,2.082245308,0.349877784,0.888884839,0.9687892,12.47002343
12/4/2019,-0.356085659,2.763106021,0.165218996,1.01202817,1.216357932,10.86109878
12/5/2019,-0.131540823,0.810440547,-0.889627386,0.916190173,1.027161993,11.32150865
12/6/2019,0.299454841,0.61825603,1.737963787,1.174417563,0.937823055,12.27896895
12/7/2019,0.55084906,-2.218649687,1.415850017,0.948963813,1.100487829,11.21562548
12/8/2019,-0.778768026,0.924776141,-1.01807879,1.09359342,1.09613178,12.95014838
12/9/2019,-1.119972171,-1.046955602,0.494458752,1.075773211,0.958400331,12.67422807
12/10/2019,1.219543001,-2.108989101,-1.353739851,1.029753353,0.894682302,10.58563649
12/11/2019,-0.806651609,-0.675954452,1.937147362,0.966764257,1.201975031,11.19721471
12/12/2019,0.153141743,-2.244542273,-0.158996367,1.020946807,1.041664675,12.99564562
12/13/2019,0.451673859,1.414514913,-0.236267591,0.909786887,1.097478993,13.70187541
12/14/2019,-0.270862999,-0.688984142,-0.218928988,0.88836195,0.978655853,13.77660376
12/15/2019,-0.201863764,-1.657559241,1.3318526,0.928991153,0.960028394,12.48639099
12/16/2019,-0.722167965,0.545563291,4.915088586,1.217574111,1.050487813,12.63992739
12/17/2019,0.117469536,-1.284054289,-0.692218047,1.08176832,0.808052637,10.86527116
12/18/2019,-0.300631533,0.204900248,0.619452817,0.933486562,0.980776839,11.44648359
12/19/2019,-0.550041965,-2.284121231,-2.137652335,0.94521975,0.923030198,12.66274864
12/20/2019,-0.542189279,-1.329294009,1.928157939,1.339142515,0.899583383,11.01300356
12/21/2019,0.727525619,-1.620210094,1.515765573,1.069829542,0.991861902,13.75486479
12/22/2019,0.905045116,-0.154888169,-0.249134653,1.032989549,1.109717054,12.5256333
12/23/2019,0.440780369,-1.057691885,-0.652082229,0.991831554,0.875816668,11.56733335
12/24/2019,1.222591914,1.814016107,-0.039780072,1.19750447,0.920879252,10.33552546
12/25/2019,-0.475371268,0.218135811,1.772655173,0.934644002,0.828957457,13.78081561
12/26/2019,-1.510792958,-0.32226336,-1.111937582,1.100383925,0.975405105,8.799604905
12/27/2019,-1.520171241,-1.128867992,1.108274984,0.936817252,0.948045407,11.75598023
12/28/2019,0.338909729,-3.178251392,1.484578701,1.051122986,1.025287529,11.39709171
12/29/2019,0.263780984,0.045725466,-0.112476314,0.823782006,0.914110933,10.91894104
12/30/2019,-0.425097969,-1.002700581,-0.834294131,0.85090444,0.801977191,11.14072237
12/31/2019,0.848301598,3.510520589,-0.280625911,0.967049769,1.091802728,11.98997466
